Price Data,,,,,,,,,,,,
sourced from LSEG (03/01/2022 - 06/02/2026),,,,,,,,,,,,
,,,,,,,,,,,,
Close Price,,,,Log Returns,,,,,,,,
Date,Boyd Gaming Corp,American Airlines Group Inc,Brinker International Inc,Boyd Gaming Corp,American Airlines Group Inc,Brinker International Inc,,,,,,
Ticker,BYD,AAL,EAT,BYD,AAL,EAT,,,Correlation Matrix,,,
03/01/2022,64.93,18.75,37.67,,,,,,computed using Data Solver,,,
04/01/2022,64.99,19.02,38.44,0.000923645,0.014297305,0.020234562,,,,BYD,AAL,EAT
05/01/2022,62.38,18.68,38.34,-0.040988701,-0.018037624,-0.002604846,,,BYD,1,0.5219,0.4665
06/01/2022,63.28,18.57,38.1,0.014324612,-0.005906057,-0.006279455,,,AAL,0.5219,1,0.4250
07/01/2022,63.52,19.28,37.72,0.003785493,0.037520914,-0.010023824,,,EAT,0.4665,0.4250,1
10/01/2022,62.54,18.79,38.04,-0.015548465,-0.025743476,0.00844778,,,,,,
11/01/2022,63.69,19.02,37.24,0.018221212,0.012166244,-0.021254785,,,Cholesky Matrix,,,
12/01/2022,63.5,18.5,36.32,-0.002987658,-0.027720325,-0.025014899,,,computed using python,,,
13/01/2022,62.4,19.34,38.01,-0.017474631,0.044404758,0.045480729,,,,BYD,AAL,EAT
14/01/2022,60.69,18.49,36.43,-0.027786336,-0.044945445,-0.042456672,,,BYD,1,0,0
18/01/2022,59.59,17.9,34.2,-0.018291165,-0.032429333,-0.063166967,,,AAL,0.5219,0.8530,0
19/01/2022,57.7,17.31,34.46,-0.032230601,-0.033516344,0.007573587,,,EAT,0.4665,0.2129,0.8585
20/01/2022,57.72,16.76,33.1,0.00034656,-0.032289274,-0.040265949,,,,,,
21/01/2022,56.44,16.3,32.8,-0.022425607,-0.027829987,-0.009104767,,,,,,
24/01/2022,58.92,16.41,34.99,0.043002465,0.006725797,0.064633791,,,,,,
25/01/2022,60.19,16.46,35.14,0.021325634,0.00304229,0.004277776,,,,,,
26/01/2022,59.45,16.24,33.72,-0.012370602,-0.013455861,-0.04124895,,,,,,
27/01/2022,57.74,15.78,31.82,-0.029185449,-0.028734019,-0.05799611,,,,,,
28/01/2022,58.88,15.64,31.79,0.0195513,-0.00891158,-0.000943248,,,,,,
31/01/2022,59.46,16.47,33.21,0.009802343,0.051708809,0.04369926,,,,,,
01/02/2022,61.15,16.83,34.73,0.028026045,0.021622464,0.044752831,,,,,,
02/02/2022,60.21,16.96,37.63,-0.015491411,0.007694622,0.080197738,,,,,,
03/02/2022,59.55,16.57,37.22,-0.011022156,-0.023263799,-0.010955353,,,,,,
04/02/2022,63.42,16.45,37.76,0.062962973,-0.007268354,0.01440409,,,,,,
07/02/2022,64.84,17.28,38.95,0.022143428,0.049224286,0.031028431,,,,,,
08/02/2022,65.43,18.26,40.62,0.009058172,0.055163112,0.041981784,,,,,,
09/02/2022,69.5,18.76,42.16,0.060345884,0.027014068,0.037211348,,,,,,
10/02/2022,70.72,18.71,41.36,0.017401666,-0.002668803,-0.019157674,,,,,,
11/02/2022,69.57,17.61,41.11,-0.016394978,-0.060591218,-0.006062829,,,,,,
14/02/2022,68.34,17.43,41.01,-0.017838193,-0.010274063,-0.002435462,,,,,,
15/02/2022,69.9,18.84,42.52,0.022570403,0.07778941,0.036158614,,,,,,
16/02/2022,71.17,18.82,43.36,0.018005732,-0.001062135,0.019562804,,,,,,
17/02/2022,69.26,18.22,41.63,-0.027203842,-0.032400242,-0.040716296,,,,,,
18/02/2022,68.41,17.87,42.85,-0.012348526,-0.019396563,0.028884584,,,,,,
22/02/2022,66.83,17.43,41.32,-0.023366931,-0.02493047,-0.036359001,,,,,,
23/02/2022,66.57,16.64,40.59,-0.003898056,-0.046383424,-0.017824913,,,,,,
24/02/2022,68.62,16.96,41.66,0.030330012,0.019048195,0.026019705,,,,,,
25/02/2022,70.48,17.46,42.84,0.026744944,0.02905492,0.02793081,,,,,,
28/02/2022,70.94,17.25,42.54,0.006505468,-0.012100407,-0.007027436,,,,,,
01/03/2022,68.15,16.29,39.7,-0.040123291,-0.057260721,-0.069093622,,,,,,
02/03/2022,70.08,16.37,41.63,0.027926288,0.004898969,0.047469874,,,,,,
03/03/2022,69.1,15.71,38.75,-0.014082716,-0.041152939,-0.071690305,,,,,,
04/03/2022,67.05,14.59,36.83,-0.030116121,-0.07396109,-0.050818025,,,,,,
07/03/2022,60.05,12.84,31.33,-0.110261061,-0.127771064,-0.161736625,,,,,,
08/03/2022,61.41,13.51,32.67,0.02239514,0.050864854,0.041881121,,,,,,
09/03/2022,64.48,14.3,34.9,0.04878241,0.056829385,0.066029604,,,,,,
10/03/2022,64.68,14.2,35.6,0.003096937,-0.007017573,0.019858809,,,,,,
11/03/2022,64.22,14.02,35.25,-0.007137346,-0.012757083,-0.009880109,,,,,,
14/03/2022,62.6,14.25,33.93,-0.025549411,0.016272025,-0.03816595,,,,,,
15/03/2022,66.02,15.57,33.79,0.053192448,0.088589079,-0.004134678,,,,,,
16/03/2022,68.34,16.47,35.78,0.03453752,0.056194558,0.057224177,,,,,,
17/03/2022,68.13,16.55,35.43,-0.003077602,0.004845558,-0.009830159,,,,,,
18/03/2022,68.88,16.75,35.98,0.010948215,0.012012156,0.01540431,,,,,,
21/03/2022,68.1,16.09,35.98,-0.011388647,-0.040200297,0,,,,,,
22/03/2022,69.07,16.56,37.47,0.01414327,0.028792188,0.040577384,,,,,,
23/03/2022,68.05,16.21,36.92,-0.014877754,-0.021361813,-0.014787203,,,,,,
24/03/2022,69,16.72,37.8,0.013863775,0.030977272,0.023555693,,,,,,
25/03/2022,69.01,17.01,36.08,0.000144917,0.017195799,-0.046570407,,,,,,
28/03/2022,67.64,17.3,36.18,-0.020051898,0.016905095,0.002767785,,,,,,
29/03/2022,68.27,18.16,38.28,0.009270907,0.048514872,0.056421087,,,,,,
30/03/2022,66.97,18.05,37.34,-0.019225674,-0.006075688,-0.024862428,,,,,,
31/03/2022,65.78,18.25,38.16,-0.017928917,0.011019395,0.021722708,,,,,,
01/04/2022,65.35,18.24,36.96,-0.006558401,-0.000548095,-0.0319516,,,,,,
04/04/2022,66.64,18.23,37.73,0.019547558,-0.000548396,0.020619287,,,,,,
05/04/2022,65.28,17.84,36.15,-0.020619287,-0.021625462,-0.042778585,,,,,,
06/04/2022,62.61,17.38,35.09,-0.041760701,-0.026123007,-0.029760759,,,,,,
07/04/2022,61.67,16.95,35.01,-0.015127421,-0.025052286,-0.002282455,,,,,,
08/04/2022,61.97,16.59,33.98,0.004852808,-0.02146773,-0.029861619,,,,,,
11/04/2022,61.12,16.97,34.6,-0.013811252,0.022646975,0.018081566,,,,,,
12/04/2022,61.05,17.13,35.54,-0.001145944,0.009384233,0.026805141,,,,,,
13/04/2022,62.84,18.95,37.16,0.028898613,0.100972619,0.044574091,,,,,,
14/04/2022,62.3,19,36.02,-0.008630388,0.002635048,-0.031158574,,,,,,
18/04/2022,63.16,18.54,36.2,0.013709764,-0.024508419,0.004984779,,,,,,
19/04/2022,65.11,19.59,37.26,0.030406958,0.055088672,0.028861246,,,,,,
20/04/2022,66.27,19.48,37.49,0.017659159,-0.005630934,0.006153866,,,,,,
21/04/2022,64.09,20.22,38.83,-0.033448961,0.037283915,0.035118913,,,,,,
22/04/2022,62.8,20.18,38.61,-0.020333272,-0.001980199,-0.005681833,,,,,,
25/04/2022,64.2,19.98,41.12,0.022048137,-0.009960242,0.062983311,,,,,,
26/04/2022,62.32,18.77,39.42,-0.029720809,-0.062471923,-0.042221319,,,,,,
27/04/2022,60.16,18.97,38.39,-0.035274722,0.010598933,-0.026476293,,,,,,
28/04/2022,61.75,19.43,38.84,0.026086296,0.023959479,0.011653634,,,,,,
29/04/2022,60.58,18.77,36.33,-0.01912917,-0.034558413,-0.066806797,,,,,,
02/05/2022,60.97,18.56,38.84,0.006417134,-0.011251123,0.066806797,,,,,,
03/05/2022,61.19,19.13,39.46,0.003601838,0.030249056,0.015836857,,,,,,
04/05/2022,59.62,19.62,34.65,-0.025992689,0.025291671,-0.129989775,,,,,,
05/05/2022,58.39,18.54,34.6,-0.020846446,-0.056618894,-0.001444044,,,,,,
06/05/2022,58.35,17.84,35.53,-0.000685284,-0.038487433,0.026523728,,,,,,
09/05/2022,55.03,16.32,31.35,-0.058580868,-0.089051778,-0.125163143,,,,,,
10/05/2022,54.52,16.57,33.36,-0.009310884,0.015202482,0.06214331,,,,,,
11/05/2022,53.33,15.97,32.25,-0.022068582,-0.036881869,-0.033839534,,,,,,
12/05/2022,54.01,15.49,33.8,0.01267019,-0.030517308,0.046942759,,,,,,
13/05/2022,56.5,16.58,34.18,0.045071424,0.068002495,0.011179875,,,,,,
16/05/2022,55.09,16.55,32.15,-0.025272427,-0.001811048,-0.061228227,,,,,,
17/05/2022,56.44,17.82,32.35,0.024209915,0.07393532,0.00620157,,,,,,
18/05/2022,54.07,16.89,29.89,-0.042898624,-0.053599691,-0.079090045,,,,,,
19/05/2022,54.5,16.75,28.51,0.007921198,-0.008323473,-0.047269073,,,,,,
20/05/2022,55.01,16.26,27.36,0.009314285,-0.029690154,-0.04117281,,,,,,
23/05/2022,54.75,16.75,26.93,-0.004737618,0.029690154,-0.015841186,,,,,,
24/05/2022,52.49,15.5,25.46,-0.042154693,-0.077558234,-0.056132314,,,,,,
25/05/2022,55.55,16.13,27.84,0.056660841,0.039840868,0.089365242,,,,,,
26/05/2022,59.52,17.24,29.25,0.069028874,0.066551373,0.049405738,,,,,,
27/05/2022,59.33,18.13,30.52,-0.00319731,0.05033576,0.042502633,,,,,,
31/05/2022,58.77,17.87,30.35,-0.00948356,-0.014444696,-0.005585689,,,,,,
01/06/2022,57.72,17.29,30.04,-0.018027787,-0.032995029,-0.010266691,,,,,,
02/06/2022,59.92,17.46,31.03,0.037406605,0.009784251,0.032424652,,,,,,
03/06/2022,59.39,16.22,29.93,-0.008884477,-0.073667502,-0.036093157,,,,,,
06/06/2022,60.17,16.3,29.98,0.013048027,0.004920059,0.001669171,,,,,,
07/06/2022,60.43,16.69,30.11,0.004311781,0.02364463,0.00432685,,,,,,
08/06/2022,59.81,16.15,29.92,-0.010312799,-0.032889688,-0.006330189,,,,,,
09/06/2022,59.03,15.47,29.48,-0.013127082,-0.043017385,-0.014815086,,,,,,
10/06/2022,55.54,14.71,27.92,-0.060942307,-0.05037513,-0.054368789,,,,,,
13/06/2022,51.4,13.32,25.69,-0.077465309,-0.09926087,-0.083241467,,,,,,
14/06/2022,52.09,12.95,25.87,0.013334819,-0.028170877,0.006982185,,,,,,
15/06/2022,53.2,13.31,26.46,0.021085405,0.027419844,0.022550162,,,,,,
16/06/2022,50.12,12.16,23.94,-0.059638266,-0.090363756,-0.100083459,,,,,,
17/06/2022,51.66,12.94,24.11,0.030263658,0.062171413,0.007075992,,,,,,
21/06/2022,50.83,13.04,23.21,-0.016197056,0.007698267,-0.038043472,,,,,,
22/06/2022,49.75,13.1,23.32,-0.021476268,0.004590674,0.004728141,,,,,,
23/06/2022,49.05,12.98,23.63,-0.014170278,-0.009202519,0.01320573,,,,,,
24/06/2022,53.38,13.9,23.97,0.084595958,0.068479129,0.014285957,,,,,,
27/06/2022,52.44,13.56,23.39,-0.017766485,-0.024764558,-0.024494468,,,,,,
28/06/2022,51.82,13.5,22.76,-0.011893484,-0.004434597,-0.027303971,,,,,,
29/06/2022,50.58,13.03,22.41,-0.024219934,-0.035435294,-0.015497321,,,,,,
30/06/2022,49.75,12.68,22.03,-0.016545778,-0.027228442,-0.017102127,,,,,,
01/07/2022,51.11,13.13,22.58,0.026969709,0.034873739,0.024659398,,,,,,
05/07/2022,51.87,13.88,23.67,0.014760416,0.055549267,0.047143865,,,,,,
06/07/2022,50.46,13.89,22.51,-0.027559645,0.000720202,-0.050248769,,,,,,
07/07/2022,51,14.1,23.31,0.01064469,0.015005641,0.034922798,,,,,,
08/07/2022,49.62,13.97,22.77,-0.027431654,-0.009262624,-0.023438573,,,,,,
11/07/2022,49.01,13.43,22.3,-0.012369619,-0.039421163,-0.020857202,,,,,,
12/07/2022,49.92,14.77,22.81,0.018397365,0.095107086,0.022612358,,,,,,
13/07/2022,50.31,14.31,22.9,0.00778214,-0.031639503,0.003937874,,,,,,
14/07/2022,49.69,14.25,22.28,-0.012400159,-0.004201687,-0.027447496,,,,,,
15/07/2022,52.14,14.47,22.98,0.048128703,0.015320634,0.030934857,,,,,,
18/07/2022,52.74,14.54,23.18,0.011441772,0.004825931,0.008665565,,,,,,
19/07/2022,54.5,15.16,24.82,0.032826521,0.041756908,0.068359942,,,,,,
20/07/2022,54.91,15.21,25.6,0.00749478,0.003292726,0.030942572,,,,,,
21/07/2022,55.67,14.08,25.41,0.013745921,-0.077197756,-0.007449554,,,,,,
22/07/2022,54.64,13.68,25.35,-0.018675187,-0.028820439,-0.002364067,,,,,,
25/07/2022,55.2,13.75,24.93,0.010196738,0.005103912,-0.016706833,,,,,,
26/07/2022,54.28,13.43,23.62,-0.016807118,-0.023547814,-0.053978087,,,,,,
27/07/2022,55.64,13.97,24.33,0.024746532,0.039421163,0.029616346,,,,,,
28/07/2022,55.71,13.76,26.84,0.001257297,-0.015146341,0.098183155,,,,,,
29/07/2022,55.51,13.71,27.75,-0.003596479,-0.003640339,0.033342528,,,,,,
01/08/2022,55.03,14.28,27.6,-0.008684694,0.040734463,-0.005420067,,,,,,
02/08/2022,54.97,14.06,28.05,-0.001090909,-0.015526071,0.016172859,,,,,,
03/08/2022,55.27,14.63,29.5,0.005442684,0.039740329,0.050401631,,,,,,
04/08/2022,55.5,14.86,28.31,0.004152755,0.015598824,-0.041175164,,,,,,
05/08/2022,54.22,14.74,27.92,-0.023333177,-0.008108153,-0.013871821,,,,,,
08/08/2022,55.23,15.02,29.53,0.01845644,0.01881776,0.056063418,,,,,,
09/08/2022,55.03,14.62,28.67,-0.003627793,-0.026992192,-0.029555416,,,,,,
10/08/2022,56.23,15.07,30.31,0.021571931,0.030315558,0.055626411,,,,,,
11/08/2022,56.59,14.99,31.4,0.006381869,-0.005322701,0.035330202,,,,,,
12/08/2022,57.73,15.25,32.88,0.019944678,0.017196191,0.046056677,,,,,,
15/08/2022,57.77,15.33,32.85,0.000692641,0.00523219,-0.000912825,,,,,,
16/08/2022,58.31,15.5,33.35,0.009303995,0.011028331,0.015106027,,,,,,
17/08/2022,57,14.96,32.81,-0.022722337,-0.035460051,-0.016324425,,,,,,
18/08/2022,57.39,14.84,33.28,0.006818804,-0.008053735,0.014223269,,,,,,
19/08/2022,55.85,14.17,31.64,-0.027200547,-0.046199184,-0.050534473,,,,,,
22/08/2022,55.06,13.71,29.71,-0.014246026,-0.03300156,-0.062938453,,,,,,
23/08/2022,55.55,13.82,30.34,0.008860016,0.007991325,0.020983284,,,,,,
24/08/2022,55.96,13.99,28.84,0.007353634,0.01222597,-0.050703662,,,,,,
25/08/2022,57.23,14.42,28.61,0.022441087,0.030273343,-0.008007005,,,,,,
26/08/2022,56.03,13.74,26.38,-0.021190975,-0.048304845,-0.08115016,,,,,,
29/08/2022,55.9,13.51,25.99,-0.002322881,-0.016881135,-0.014894299,,,,,,
30/08/2022,54.69,13.33,25.54,-0.021883503,-0.013413018,-0.017465998,,,,,,
31/08/2022,54.43,12.99,24.51,-0.004765405,-0.025837304,-0.041164653,,,,,,
01/09/2022,53.53,12.93,25.49,-0.016673228,-0.004629638,0.039205021,,,,,,
02/09/2022,53.24,12.99,25.79,-0.005432251,0.004629638,0.011700602,,,,,,
06/09/2022,53.12,13.22,25.06,-0.002256488,0.017551004,-0.02871387,,,,,,
07/09/2022,54.84,13.89,26.86,0.03186635,0.049438322,0.069365242,,,,,,
08/09/2022,55.09,13.96,28.42,0.004548357,0.005026941,0.056454932,,,,,,
09/09/2022,56.78,14.19,29.65,0.03021594,0.016341394,0.042369003,,,,,,
12/09/2022,57.26,14.47,29.69,0.008418149,0.019540049,0.001348163,,,,,,
13/09/2022,54.4,13.68,28.4,-0.051238146,-0.056142628,-0.044421144,,,,,,
14/09/2022,54.57,14.03,28.65,0.003120127,0.025262982,0.008764298,,,,,,
15/09/2022,53.76,14.27,28.86,-0.014954585,0.016961537,0.00730311,,,,,,
16/09/2022,51.85,13.75,28.34,-0.036174762,-0.037120607,-0.018182319,,,,,,
19/09/2022,52.71,14.21,28.26,0.016450256,0.032907118,-0.002826857,,,,,,
20/09/2022,52.22,13.97,28,-0.009339628,-0.017033769,-0.009242867,,,,,,
21/09/2022,50.95,13.23,28.29,-0.024620804,-0.054425195,0.010303875,,,,,,
22/09/2022,48.43,12.71,26.88,-0.050725303,-0.040097893,-0.05112587,,,,,,
23/09/2022,47.02,12.21,25.53,-0.029546413,-0.040133797,-0.051528284,,,,,,
26/09/2022,46.22,11.86,25.03,-0.017160438,-0.029083895,-0.019779126,,,,,,
27/09/2022,46.95,12.27,25.9,0.015670601,0.033985865,0.034167863,,,,,,
28/09/2022,48.25,12.75,26.61,0.027312622,0.038374013,0.027044116,,,,,,
29/09/2022,47.98,12.25,25.63,-0.00561157,-0.040005335,-0.037523545,,,,,,
30/09/2022,47.65,12.04,24.98,-0.006901627,-0.017291497,-0.025688036,,,,,,
03/10/2022,48.75,11.92,24.47,0.022822567,-0.010016778,-0.020627627,,,,,,
04/10/2022,52.48,12.95,26.76,0.073726947,0.082878127,0.089460358,,,,,,
05/10/2022,52.64,12.87,27.6,0.003044142,-0.006196767,0.030907537,,,,,,
06/10/2022,52.29,12.73,26.35,-0.006671139,-0.010937609,-0.046347498,,,,,,
07/10/2022,51.18,12.18,25.43,-0.021456317,-0.04416615,-0.035538696,,,,,,
10/10/2022,50.26,12.05,25.07,-0.018139299,-0.010730602,-0.014257667,,,,,,
11/10/2022,50.5,12.26,25.61,0.004763804,0.017277271,0.021310988,,,,,,
12/10/2022,50.87,12.7,25.92,0.007300023,0.035260063,0.012031971,,,,,,
13/10/2022,51.88,13.05,26.71,0.019660001,0.02718614,0.030023156,,,,,,
14/10/2022,50.6,13.11,26.25,-0.024981783,0.004587164,-0.017372038,,,,,,
17/10/2022,52.71,13.2,27.63,0.040853615,0.006841532,0.05123615,,,,,,
18/10/2022,53.54,13.7,28.44,0.015623847,0.037179003,0.028894466,,,,,,
19/10/2022,52.01,13.99,28.66,-0.02899303,0.020946956,0.007705817,,,,,,
20/10/2022,52.01,13.46,28.27,0,-0.038620464,-0.013701251,,,,,,
21/10/2022,53.45,13.71,29.53,0.02731063,0.018403169,0.043605524,,,,,,
24/10/2022,53.78,14.1,29.62,0.006155013,0.028049304,0.003043113,,,,,,
25/10/2022,54.78,14.29,31.02,0.018423513,0.013385195,0.046182349,,,,,,
26/10/2022,56,14,31.1,0.022026527,-0.020502662,0.002575661,,,,,,
27/10/2022,56.6,13.97,32.07,0.010657294,-0.002145156,0.030713195,,,,,,
28/10/2022,57.66,14,33.82,0.018554707,0.002145156,0.05313133,,,,,,
31/10/2022,57.76,14.18,33.39,0.001732802,0.012775191,-0.01279589,,,,,,
01/11/2022,58.42,14.11,32.47,0.011361802,-0.004948755,-0.027939868,,,,,,
02/11/2022,55.59,13.58,30.09,-0.049654968,-0.038285644,-0.076123695,,,,,,
03/11/2022,54.6,13.73,29.46,-0.017969446,0.010985098,-0.02115948,,,,,,
04/11/2022,56.16,14.11,30.3,0.028170877,0.027300546,0.028114301,,,,,,
07/11/2022,58.11,14.32,28.93,0.034133006,0.014773396,-0.046268594,,,,,,
08/11/2022,58.22,14.25,28.89,0.001891172,-0.004900255,-0.001383605,,,,,,
09/11/2022,57.33,13.98,28.46,-0.015404891,-0.01912917,-0.014995922,,,,,,
10/11/2022,59.17,14.93,32.12,0.03159061,0.065744875,0.120979296,,,,,,
11/11/2022,59.27,14.88,33.29,0.001688619,-0.003354582,0.035778163,,,,,,
14/11/2022,59.23,14.68,34.08,-0.000675106,-0.013532006,0.02345365,,,,,,
15/11/2022,60.27,14.61,34.31,0.017406297,-0.004779797,0.006726155,,,,,,
16/11/2022,60.04,14.09,33.76,-0.003823461,-0.0362409,-0.016160187,,,,,,
17/11/2022,59.38,13.95,33.44,-0.011053537,-0.009985818,-0.009523882,,,,,,
18/11/2022,60.27,14.05,33.87,0.014876998,0.007142888,0.012776879,,,,,,
21/11/2022,59.3,13.85,33.22,-0.016225161,-0.014337163,-0.019377563,,,,,,
22/11/2022,60.81,13.98,34.22,0.025144943,0.009342504,0.029658164,,,,,,
23/11/2022,59.73,14.42,34.6,-0.017919842,0.030988395,0.011043414,,,,,,
25/11/2022,60.26,14.5,34.81,0.008834127,0.005532518,0.00605102,,,,,,
28/11/2022,59.39,13.83,34.56,-0.014542672,-0.047308504,-0.007207758,,,,,,
29/11/2022,60.06,14.14,33.09,0.011218201,0.022167515,-0.043465822,,,,,,
30/11/2022,61.33,14.43,33.45,0.020925057,0.020301712,0.010820665,,,,,,
01/12/2022,60.87,13.98,33.15,-0.007528677,-0.031681636,-0.00900907,,,,,,
02/12/2022,59.82,13.97,32.14,-0.017400389,-0.000715564,-0.030941356,,,,,,
05/12/2022,58.91,14.11,32.56,-0.015329198,0.009971593,0.012983181,,,,,,
06/12/2022,58.33,14.33,32.94,-0.009894315,0.015471476,0.011603184,,,,,,
07/12/2022,58.57,13.55,32.82,0.004106079,-0.055968695,-0.003649639,,,,,,
08/12/2022,58.92,13.6,35.91,0.005957971,0.003683245,0.089977723,,,,,,
09/12/2022,58.64,13.53,35.25,-0.004763534,-0.005160351,-0.018550279,,,,,,
12/12/2022,58.77,14.2,34.57,0.002214463,0.048332522,-0.019479275,,,,,,
13/12/2022,59.48,13.46,35.54,0.012008601,-0.05351964,0.027672569,,,,,,
14/12/2022,58.74,13.35,35.68,-0.012519196,-0.008205939,0.003931485,,,,,,
15/12/2022,57.73,12.93,35.06,-0.017343957,-0.031966192,-0.017529428,,,,,,
16/12/2022,57.12,12.81,35.43,-0.010622651,-0.009324077,0.010498039,,,,,,
19/12/2022,55.24,12.48,33.1,-0.033466989,-0.026098753,-0.068025636,,,,,,
20/12/2022,55.79,12.53,32.62,0.009907313,0.003998406,-0.014607685,,,,,,
21/12/2022,55.75,13.03,32.8,-0.000717232,0.039128622,0.005502918,,,,,,
22/12/2022,54.6,12.56,33.08,-0.020843528,-0.03673723,0.008500355,,,,,,
23/12/2022,55.13,12.71,32.94,0.00966015,0.011871924,-0.004241145,,,,,,
27/12/2022,54.86,12.53,32.86,-0.004909547,-0.014263316,-0.002431612,,,,,,
28/12/2022,53,12.32,32.1,-0.034492572,-0.016901811,-0.023400082,,,,,,
29/12/2022,54.25,12.7,33.52,0.023311079,0.030378035,0.043286245,,,,,,
30/12/2022,54.53,12.72,31.91,0.005148017,0.001573564,-0.049222835,,,,,,
03/01/2023,54.39,12.74,32.42,-0.002570696,0.001571092,0.015856076,,,,,,
04/01/2023,56.21,13.59,34.02,0.032914364,0.064587578,0.048173071,,,,,,
05/01/2023,55.33,13.99,34.54,-0.01577942,0.029008561,0.015169486,,,,,,
06/01/2023,56.22,14.18,35.7,0.015957309,0.013489732,0.033032616,,,,,,
09/01/2023,55.99,14.61,36.62,-0.004099462,0.029873705,0.02544385,,,,,,
10/01/2023,56.32,15.19,37.74,0.005876608,0.038931091,0.030126001,,,,,,
11/01/2023,57.11,15.34,36.79,0.013929521,0.009826479,-0.025494471,,,,,,
12/01/2023,58.34,16.83,36.98,0.021308732,0.092699212,0.005151157,,,,,,
13/01/2023,58.42,17.02,37.56,0.001370333,0.011226115,0.015562428,,,,,,
17/01/2023,59.43,17.08,37.25,0.017140852,0.003519065,-0.00828771,,,,,,
18/01/2023,59.21,16.64,36.82,-0.003708703,-0.026098753,-0.011610769,,,,,,
19/01/2023,58.46,16.28,35.74,-0.012747687,-0.021872075,-0.029770666,,,,,,
20/01/2023,60.13,16.34,37.77,0.028166125,0.003678729,0.055244627,,,,,,
23/01/2023,60.37,16.17,38.42,0.003983408,-0.010458416,0.017063021,,,,,,
24/01/2023,60.96,16.02,37.66,0.009725619,-0.009319732,-0.019979634,,,,,,
25/01/2023,60.72,16.26,38.09,-0.003944778,0.014870162,0.011353257,,,,,,
26/01/2023,61.23,16.61,38.97,0.008364132,0.02129682,0.022840339,,,,,,
27/01/2023,61.17,16.43,39.06,-0.000980392,-0.010895992,0.002306806,,,,,,
30/01/2023,60.37,15.96,38.55,-0.01316458,-0.02902334,-0.013142825,,,,,,
31/01/2023,62.31,16.14,39.46,0.031629634,0.011215071,0.023331401,,,,,,
01/02/2023,62.35,16.69,39.28,0.000641746,0.033509075,-0.004572017,,,,,,
02/02/2023,62.14,17.06,40.47,-0.003373768,0.021926804,0.029845475,,,,,,
03/02/2023,66.48,17.02,41.09,0.067511247,-0.002347419,0.015203824,,,,,,
06/02/2023,64.99,16.92,40.35,-0.022667739,-0.005892769,-0.018173388,,,,,,
07/02/2023,66.45,16.96,41.12,0.022216373,0.002361276,0.018903226,,,,,,
08/02/2023,65.26,16.97,40.74,-0.018070494,0.000589449,-0.00928421,,,,,,
09/02/2023,64.85,16.66,40.67,-0.00630238,-0.018436443,-0.001719691,,,,,,
10/02/2023,65.64,16.28,40.2,0.012108355,-0.023073276,-0.011623724,,,,,,
13/02/2023,65.98,16.51,40.67,0.0051664,0.014028897,0.011623724,,,,,,
14/02/2023,67.14,16.79,40.85,0.017428326,0.016817213,0.004416101,,,,,,
15/02/2023,67.33,16.8,41.06,0.002825911,0.000595415,0.00512759,,,,,,
16/02/2023,65.91,16.39,40.75,-0.021315727,-0.024707494,-0.007578572,,,,,,
17/02/2023,66.19,16.36,39.4,0.004239219,-0.001832062,-0.033690023,,,,,,
21/02/2023,65.01,15.69,38.74,-0.01798829,-0.041815764,-0.016893158,,,,,,
22/02/2023,65.24,15.56,40.73,0.003531674,-0.008320048,0.050092264,,,,,,
23/02/2023,64.89,15.87,39.88,-0.005379249,0.019727016,-0.021089977,,,,,,
24/02/2023,63.57,15.56,38.43,-0.020551868,-0.019727016,-0.037036541,,,,,,
27/02/2023,63.98,15.63,38.02,0.006428874,0.004488626,-0.010726068,,,,,,
28/02/2023,65.13,15.98,38,0.017814738,0.022145796,-0.000526177,,,,,,
01/03/2023,65.09,16.03,39.06,-0.000614345,0.003124026,0.027512766,,,,,,
02/03/2023,65.39,16.12,39.93,0.004598414,0.00559877,0.022028996,,,,,,
03/03/2023,65.84,16.36,38.69,0.006858215,0.014778594,-0.031546752,,,,,,
06/03/2023,64.8,16.12,38.39,-0.015921953,-0.014778594,-0.00778416,,,,,,
07/03/2023,64.91,16.36,38.02,0.001696092,0.014778594,-0.009684672,,,,,,
08/03/2023,64.87,16.59,38.31,-0.000616428,0.013960773,0.007598622,,,,,,
09/03/2023,63.06,15.88,36.42,-0.028298613,-0.043739648,-0.050592884,,,,,,
10/03/2023,61.11,15.46,34.81,-0.031411135,-0.026804413,-0.045213372,,,,,,
13/03/2023,58.92,14.85,34.49,-0.036494927,-0.040256178,-0.009235275,,,,,,
14/03/2023,60.27,14.66,35.22,0.022653876,-0.012877169,0.020944676,,,,,,
15/03/2023,59.13,13.86,36.21,-0.019096058,-0.056115703,0.027721221,,,,,,
16/03/2023,60.13,14.12,36.14,0.016770475,0.018585238,-0.001935039,,,,,,
17/03/2023,59.99,13.98,35.76,-0.002331003,-0.009964495,-0.010570335,,,,,,
20/03/2023,60.91,13.96,36.34,0.015219483,-0.001431639,0.016089113,,,,,,
21/03/2023,61.93,14.37,37.22,0.01660735,0.028946603,0.023927188,,,,,,
22/03/2023,60.31,13.82,37.33,-0.026506787,-0.039025882,0.002951042,,,,,,
23/03/2023,59.96,13.63,36.22,-0.005820254,-0.013843573,-0.03018584,,,,,,
24/03/2023,60.42,13.72,35.78,0.007642503,0.006581377,-0.012222374,,,,,,
27/03/2023,60.92,13.94,35.26,0.008241352,0.015907783,-0.014639901,,,,,,
28/03/2023,61.19,13.98,35.88,0.004422249,0.002865331,0.01743086,,,,,,
29/03/2023,62.31,14.35,35.9,0.018138149,0.026122205,0.000557258,,,,,,
30/03/2023,62.42,14.47,37.22,0.00176381,0.008327598,0.036108956,,,,,,
31/03/2023,64.12,14.75,38,0.026870591,0.019165542,0.020739909,,,,,,
03/04/2023,64.4,14.42,37.57,0.004357305,-0.022626951,-0.0113803,,,,,,
04/04/2023,63.83,14.16,37.32,-0.008890334,-0.018195044,-0.006676484,,,,,,
05/04/2023,62.57,13.89,37.73,-0.019937369,-0.019251931,0.010926158,,,,,,
06/04/2023,62.87,14.01,37.43,0.004783172,0.008602204,-0.007983012,,,,,,
10/04/2023,63.7,14.15,38.2,0.01311546,0.009943264,0.020362994,,,,,,
11/04/2023,64.52,14.32,38.03,0.012790691,0.011942537,-0.004460194,,,,,,
12/04/2023,63.54,13,35.98,-0.015305624,-0.096707804,-0.055412093,,,,,,
13/04/2023,64.84,12.95,36.93,0.020253068,-0.003853569,0.026061,,,,,,
14/04/2023,65.29,12.79,37.3,0.006916188,-0.012432173,0.009969098,,,,,,
17/04/2023,65.94,13.1,37.18,0.009906352,0.023948615,-0.003222344,,,,,,
18/04/2023,66.36,13.29,38.22,0.006349228,0.014399643,0.027587957,,,,,,
19/04/2023,67,13.63,38.5,0.009598154,0.025261373,0.007299302,,,,,,
20/04/2023,67.57,13.32,38.19,0.008471478,-0.023006581,-0.00808454,,,,,,
21/04/2023,68.17,13.4,39.17,0.008840488,0.005988042,0.025337446,,,,,,
24/04/2023,67.36,13.32,39.34,-0.011953215,-0.005988042,0.004330665,,,,,,
25/04/2023,66.24,12.84,38.17,-0.01676686,-0.036701367,-0.030191946,,,,,,
26/04/2023,67.25,12.74,37.97,0.015132508,-0.007818648,-0.005253493,,,,,,
27/04/2023,68.59,12.88,38.91,0.019729733,0.010929071,0.024454913,,,,,,
28/04/2023,69.4,13.64,39.92,0.011740116,0.057330932,0.025626164,,,,,,
01/05/2023,71.28,13.89,40.28,0.026728916,0.018162504,0.008977616,,,,,,
02/05/2023,71.08,13.77,40.27,-0.00280978,-0.008676844,-0.000248293,,,,,,
03/05/2023,70.01,13.79,38.76,-0.015167914,0.001451379,-0.038217988,,,,,,
04/05/2023,67.99,13.51,39,-0.029277453,-0.02051354,0.006172859,,,,,,
05/05/2023,70.6,13.87,38.05,0.037669509,0.026298082,-0.024660562,,,,,,
08/05/2023,70.28,14.36,36.96,-0.004542881,0.034718329,-0.029064838,,,,,,
09/05/2023,70.95,14.47,37.4,0.00948814,0.007630977,0.011834458,,,,,,
10/05/2023,69.88,14.34,36.48,-0.015195918,-0.009024705,-0.024906539,,,,,,
11/05/2023,68.57,14.07,36.31,-0.018924364,-0.019007964,-0.00467098,,,,,,
12/05/2023,68.32,14.02,36.99,-0.003652572,-0.00355999,0.01855442,,,,,,
15/05/2023,68.39,14.28,38.09,0.001024066,0.018375075,0.029304175,,,,,,
16/05/2023,66.01,14.2,37.54,-0.035420369,-0.005617992,-0.014544749,,,,,,
17/05/2023,66.63,14.91,39.23,0.009348681,0.048790164,0.044034729,,,,,,
18/05/2023,67.57,15.05,40.58,0.014009171,0.009345862,0.033833574,,,,,,
19/05/2023,66.79,14.82,39.54,-0.011610729,-0.015400371,-0.025962517,,,,,,
22/05/2023,66.09,14.38,39.34,-0.010535919,-0.030139268,-0.005071005,,,,,,
23/05/2023,64.65,14.07,39.47,-0.022029344,-0.021793481,0.003299077,,,,,,
24/05/2023,64.74,13.8,39.82,0.001391143,-0.019376279,0.008828409,,,,,,
25/05/2023,64.97,14.38,38.81,0.003546376,0.04116976,-0.025691353,,,,,,
26/05/2023,65.18,14.35,38.9,0.003227049,-0.00208841,0.002316305,,,,,,
30/05/2023,64.16,14.62,37.28,-0.01577271,0.018640512,-0.042537261,,,,,,
31/05/2023,63.73,14.78,36.58,-0.006724554,0.010884461,-0.018955347,,,,,,
01/06/2023,64.33,14.7,38.12,0.009370676,-0.005427422,0.041237436,,,,,,
02/06/2023,66.3,14.87,39.92,0.030163812,0.011498267,0.046138373,,,,,,
05/06/2023,66.69,14.81,38.62,0.005865119,-0.004043132,-0.033107174,,,,,,
06/06/2023,67.79,14.93,38.82,0.016359675,0.008069983,0.005165301,,,,,,
07/06/2023,68.43,15.16,36.39,0.009396634,0.015287769,-0.064641566,,,,,,
08/06/2023,68.88,15.3,35.67,0.006554535,0.009192448,-0.019984012,,,,,,
09/06/2023,68.41,15.57,36,-0.006846847,0.017493157,0.009208939,,,,,,
12/06/2023,69.37,16.02,37.82,0.013935485,0.028491956,0.049319125,,,,,,
13/06/2023,69.16,16.31,37.39,-0.003031837,0.017940475,-0.011434774,,,,,,
14/06/2023,69.37,16.59,36.15,0.003031837,0.017021688,-0.03372634,,,,,,
15/06/2023,69.08,16.65,36.47,-0.004189244,0.003610112,0.008813056,,,,,,
16/06/2023,68,16.48,36.39,-0.015757548,-0.010262692,-0.002195993,,,,,,
20/06/2023,68.36,16.32,36.57,0.005280153,-0.009756175,0.004934221,,,,,,
21/06/2023,68.08,16.3,36.09,-0.004104374,-0.001226242,-0.013212414,,,,,,
22/06/2023,67.02,16.36,35.28,-0.015692402,0.003674223,-0.022699588,,,,,,
23/06/2023,65.79,16.26,34.05,-0.018523231,-0.006131227,-0.035486199,,,,,,
26/06/2023,66.69,16.44,34.47,0.013587166,0.011009286,0.012259348,,,,,,
27/06/2023,68.09,17.35,35.8,0.020775343,0.053875117,0.037858513,,,,,,
28/06/2023,68.21,17.55,36.2,0.001760822,0.011461444,0.011111225,,,,,,
29/06/2023,69.03,17.6,36.49,0.011950011,0.002844952,0.007979132,,,,,,
30/06/2023,69.37,17.94,36.6,0.004913305,0.019133955,0.00300999,,,,,,
03/07/2023,68.98,18.1,37.06,-0.00563789,0.008879082,0.01248998,,,,,,
05/07/2023,67.08,18.32,35.7,-0.027930671,0.012081421,-0.037387532,,,,,,
06/07/2023,66.66,17.88,35.67,-0.006280864,-0.02431059,-0.000840689,,,,,,
07/07/2023,67.86,18.35,36.34,0.017841686,0.025946805,0.018609064,,,,,,
10/07/2023,69.66,18.57,37.87,0.026179506,0.011917801,0.041240179,,,,,,
11/07/2023,69.98,18.8,38.06,0.004583222,0.012309494,0.00500462,,,,,,
12/07/2023,70.13,18.57,38.26,0.002141176,-0.012309494,0.005241102,,,,,,
13/07/2023,71.43,18.45,38.1,0.018367287,-0.006483005,-0.004190682,,,,,,
14/07/2023,71.85,18.14,37.96,0.005862663,-0.016944926,-0.003681308,,,,,,
17/07/2023,71.05,18.18,37.36,-0.011196758,0.002202644,-0.01593236,,,,,,
18/07/2023,72.09,18.68,38.49,0.014531484,0.027131344,0.029797854,,,,,,
19/07/2023,72.81,18.6,39.6,0.00993797,-0.004291852,0.028430651,,,,,,
20/07/2023,72.33,17.44,39.4,-0.006614328,-0.064395162,-0.005063302,,,,,,
21/07/2023,72.26,17.42,38.99,-0.000968255,-0.001147447,-0.010460613,,,,,,
24/07/2023,71.28,16.88,38.18,-0.013654943,-0.031489482,-0.020993385,,,,,,
25/07/2023,71.75,16.65,37.75,0.006572071,-0.013719273,-0.011326343,,,,,,
26/07/2023,72,16.76,39.21,0.003478264,0.006584879,0.037946341,,,,,,
27/07/2023,69.89,16.57,38.65,-0.029743542,-0.011401264,-0.014385041,,,,,,
28/07/2023,67.39,16.79,38.57,-0.036425939,0.01318964,-0.002072003,,,,,,
31/07/2023,68.32,16.75,39.28,0.013705911,-0.002385213,0.018240711,,,,,,
01/08/2023,67.97,16.23,38.87,-0.005136118,-0.031536877,-0.010492739,,,,,,
02/08/2023,67.8,15.95,38.95,-0.002504236,-0.017402552,0.002056027,,,,,,
03/08/2023,67.07,15.98,39.03,-0.010825345,0.001879111,0.002051809,,,,,,
04/08/2023,66.73,15.84,38.71,-0.005082223,-0.008799554,-0.008232617,,,,,,
07/08/2023,67.34,15.99,39.54,0.009099787,0.00942514,0.021214853,,,,,,
08/08/2023,67.46,16.18,38.93,0.001780416,0.011812385,-0.015547656,,,,,,
09/08/2023,67.24,15.76,38.66,-0.003266521,-0.026300827,-0.006959688,,,,,,
10/08/2023,67.72,15.76,38.6,0.007113249,0,-0.001553197,,,,,,
11/08/2023,67.31,15.65,37.55,-0.006072743,-0.007004167,-0.027578898,,,,,,
14/08/2023,67.46,15.88,36.71,0.002226016,0.014589539,-0.022624181,,,,,,
15/08/2023,66.7,15.55,36.37,-0.011329877,-0.020999817,-0.009304939,,,,,,
16/08/2023,66,15.44,34.36,-0.010550211,-0.007099094,-0.056851162,,,,,,
17/08/2023,64.75,15.05,33.26,-0.019121041,-0.025583553,-0.032537623,,,,,,
18/08/2023,64.8,15.04,34.12,0.000771903,-0.000664673,0.025528249,,,,,,
21/08/2023,64.9,15.16,33.66,0.00154202,0.007947062,-0.013573534,,,,,,
22/08/2023,64.8,14.83,33.97,-0.00154202,-0.022008224,0.009167593,,,,,,
23/08/2023,65.62,14.78,34.2,0.012574924,-0.003377241,0.006747862,,,,,,
24/08/2023,65.04,14.57,33.77,-0.008878062,-0.014310295,-0.01265281,,,,,,
25/08/2023,65.07,14.58,33.05,0.000461148,0.000686106,-0.021551268,,,,,,
28/08/2023,65.41,14.73,32.37,0.005211538,0.010235504,-0.020789498,,,,,,
29/08/2023,66.19,14.9,32.51,0.011854242,0.011474982,0.004315666,,,,,,
30/08/2023,66.46,14.77,32.64,0.004070869,-0.008763116,0.003990796,,,,,,
31/08/2023,66.87,14.73,32.73,0.006150173,-0.002711866,0.002753558,,,,,,
01/09/2023,67.63,14.68,32.67,0.011301236,-0.003400207,-0.001834863,,,,,,
05/09/2023,65.84,14.3,31.35,-0.026824115,-0.026226486,-0.041242959,,,,,,
06/09/2023,65.26,14.33,30.63,-0.008848265,0.002095705,-0.023234346,,,,,,
07/09/2023,64.5,14,31.3,-0.011714067,-0.023297912,0.021638177,,,,,,
08/09/2023,64.78,13.98,31.13,0.00433169,-0.001429593,-0.005446113,,,,,,
11/09/2023,63.65,14.09,30.54,-0.017597589,0.007837589,-0.019134685,,,,,,
12/09/2023,63.96,14.11,31.21,0.004858563,0.00141844,0.021701256,,,,,,
13/09/2023,63.53,13.31,31.67,-0.006745653,-0.058368133,0.014631304,,,,,,
14/09/2023,64.95,13.26,32.36,0.022105508,-0.003763648,0.021553232,,,,,,
15/09/2023,64.69,13.31,31.42,-0.004011113,0.003763648,-0.029478459,,,,,,
18/09/2023,64.39,13.11,31.14,-0.004648289,-0.015140335,-0.008951466,,,,,,
19/09/2023,63.32,13.19,31.83,-0.016757107,0.006083669,0.021916075,,,,,,
20/09/2023,62.75,13.06,32.2,-0.009042657,-0.009904843,0.011557211,,,,,,
21/09/2023,61.68,13.06,31.72,-0.017198849,0,-0.015019056,,,,,,
22/09/2023,60.79,12.9,30.15,-0.014534427,-0.012326812,-0.050762474,,,,,,
25/09/2023,60.41,12.91,29.58,-0.006270648,0.000774893,-0.019086466,,,,,,
26/09/2023,60.24,12.7,28.92,-0.002818071,-0.016400211,-0.02256506,,,,,,
27/09/2023,60.25,12.61,29.45,0.000165989,-0.007111843,0.018160513,,,,,,
28/09/2023,60.68,12.92,31.05,0.007111582,0.024286348,0.052904898,,,,,,
29/09/2023,60.83,12.81,31.59,0.002468934,-0.008550382,0.017241806,,,,,,
02/10/2023,59.97,12.75,31.35,-0.014238651,-0.004694844,-0.007626348,,,,,,
03/10/2023,59.11,12.29,29.75,-0.014444322,-0.036745348,-0.052385135,,,,,,
04/10/2023,58.52,12.73,30.63,-0.010031539,0.035175489,0.029150789,,,,,,
05/10/2023,58.2,12.85,30.54,-0.005483221,0.009382399,-0.002942621,,,,,,
06/10/2023,58.8,12.76,29.51,0.0102565,-0.007028533,-0.034308111,,,,,,
09/10/2023,59.92,12.24,29.85,0.018868484,-0.041606001,0.011455651,,,,,,
10/10/2023,60.53,12.26,30.86,0.010128771,0.001632653,0.033276007,,,,,,
11/10/2023,60.98,12.48,30.87,0.007406832,0.017785432,0.000323992,,,,,,
12/10/2023,59.69,12.06,30.06,-0.021381439,-0.034233172,-0.026589454,,,,,,
13/10/2023,59.02,11.72,30.37,-0.011288133,-0.028597407,0.010259895,,,,,,
16/10/2023,59.77,11.94,32.04,0.012627493,0.018597324,0.053529843,,,,,,
17/10/2023,60.59,11.94,33.65,0.013626,0,0.049027934,,,,,,
18/10/2023,60.08,11.36,33.23,-0.008452856,-0.049795695,-0.012559974,,,,,,
19/10/2023,59.81,11.45,33.05,-0.004504136,0.007891317,-0.005431516,,,,,,
20/10/2023,59.54,11.08,32.98,-0.004524515,-0.032848049,-0.002120249,,,,,,
23/10/2023,60.4,11.29,32.54,0.014340749,0.018775697,-0.013431215,,,,,,
24/10/2023,61.03,11.21,32.45,0.010376442,-0.007111141,-0.002769659,,,,,,
25/10/2023,53.85,11.04,32.65,-0.125163143,-0.015281196,0.006144413,,,,,,
26/10/2023,55.3,11.15,32.7,0.026570505,0.009914457,0.001530222,,,,,,
27/10/2023,54.56,10.92,32.73,-0.013471895,-0.020843528,0.000917011,,,,,,
30/10/2023,55.55,11.18,33.4,0.017982503,0.023530497,0.020263811,,,,,,
31/10/2023,55.25,11.15,33.92,-0.005415176,-0.00268697,0.015448911,,,,,,
01/11/2023,54.77,11.14,34.48,-0.008725742,-0.000897263,0.016374635,,,,,,
02/11/2023,56.16,11.4,33.84,0.025062161,0.023071121,-0.018735911,,,,,,
03/11/2023,57.61,11.98,35.28,0.025491404,0.049625237,0.041672696,,,,,,
06/11/2023,57.64,11.66,35.02,0.000520607,-0.027074412,-0.007396904,,,,,,
07/11/2023,57.66,11.75,34.2,0.000346921,0.00768906,-0.023693683,,,,,,
08/11/2023,56.76,12.01,33.74,-0.01573184,0.021886396,-0.013541567,,,,,,
09/11/2023,56.45,11.75,33.75,-0.005476562,-0.021886396,0.00029634,,,,,,
10/11/2023,57.28,11.8,33.95,0.014596232,0.004246291,0.005908437,,,,,,
13/11/2023,56.31,11.78,34.02,-0.017079383,-0.001696353,0.002059733,,,,,,
14/11/2023,58.53,12.25,36.38,0.038667304,0.039122759,0.067070586,,,,,,
15/11/2023,59.77,12.42,36.84,0.02096442,0.01378214,0.012565038,,,,,,
16/11/2023,59.46,12.19,36.31,-0.005200045,-0.018692133,-0.014491026,,,,,,
17/11/2023,58.81,12.29,36.25,-0.010991909,0.00816998,-0.001653804,,,,,,
20/11/2023,58.83,12.4,36.3,0.00034002,0.008910549,0.00137836,,,,,,
21/11/2023,58.78,12.13,35.48,-0.000850268,-0.02201475,-0.022848584,,,,,,
22/11/2023,59.24,12.31,35.72,0.007795328,0.014730217,0.006741599,,,,,,
24/11/2023,59.2,12.31,35.55,-0.000675448,0,-0.0047706,,,,,,
27/11/2023,58.65,12.18,35.39,-0.009333967,-0.010616678,-0.004510862,,,,,,
28/11/2023,58.47,12.17,35.44,-0.003073773,-0.000821355,0.001411831,,,,,,
29/11/2023,58.92,12.23,36.19,0.007666789,0.004918043,0.020941712,,,,,,
30/11/2023,59.05,12.43,36.01,0.002203951,0.016220956,-0.00498616,,,,,,
01/12/2023,61.03,13.02,37.56,0.032981004,0.046373731,0.042142977,,,,,,
04/12/2023,60.37,13.35,38.49,-0.010873254,0.025029748,0.024458813,,,,,,
05/12/2023,58.96,13.13,37.82,-0.023633045,-0.016616697,-0.017560404,,,,,,
06/12/2023,59.08,13.48,39.31,0.00203321,0.026307417,0.038640876,,,,,,
07/12/2023,59.03,13.91,39.64,-0.000846668,0.0314009,0.00835977,,,,,,
08/12/2023,59.72,13.76,39.77,0.011621183,-0.010842173,0.00327415,,,,,,
11/12/2023,60.48,13.72,41.16,0.012645759,-0.00291121,0.034354052,,,,,,
12/12/2023,60.49,14.04,41.12,0.00016533,0.023055776,-0.00097229,,,,,,
13/12/2023,61.05,14.09,41.6,0.009215138,0.003554927,0.011605546,,,,,,
14/12/2023,62.41,14.59,42.35,0.022032318,0.034871037,0.017868254,,,,,,
15/12/2023,61.29,14.49,40.82,-0.018108821,-0.006877606,-0.036796264,,,,,,
18/12/2023,61.59,14.24,41.07,0.004882822,-0.01740385,0.006105771,,,,,,
19/12/2023,63.05,14.3,41.7,0.023428543,0.004204631,0.015223201,,,,,,
20/12/2023,61.31,13.98,41.34,-0.027985101,-0.0226318,-0.008670575,,,,,,
21/12/2023,61.85,14.35,42.73,0.008769137,0.026122205,0.033070695,,,,,,
22/12/2023,62.14,14.31,42.84,0.004677805,-0.002791349,0.002570996,,,,,,
26/12/2023,62.25,14.11,44.32,0.001768631,-0.014074828,0.033963797,,,,,,
27/12/2023,63,13.99,44.57,0.011976191,-0.008540977,0.005624945,,,,,,
28/12/2023,63.06,13.98,43.86,0.000951928,-0.000715052,-0.016058244,,,,,,
29/12/2023,62.61,13.74,43.18,-0.007161644,-0.01731645,-0.015625318,,,,,,
02/01/2024,63.82,13.44,42.07,0.019141611,-0.022075952,-0.026042527,,,,,,
03/01/2024,61.51,12.95,41.05,-0.036866858,-0.037139547,-0.024544062,,,,,,
04/01/2024,61.85,13.09,40.85,0.005512336,0.010752792,-0.004884015,,,,,,
05/01/2024,62.28,13.6,39.8,0.006928248,0.038221213,-0.026039909,,,,,,
08/01/2024,63.54,14.58,41.28,0.020029282,0.069580934,0.036511209,,,,,,
09/01/2024,62.59,14.38,41.07,-0.015064108,-0.013812374,-0.005100193,,,,,,
10/01/2024,62.56,14.35,41.32,-0.000479425,-0.00208841,0.006068716,,,,,,
11/01/2024,62.6,14.59,39.39,0.000639182,0.01658642,-0.047834667,,,,,,
12/01/2024,62.31,13.21,38.2,-0.004643352,-0.099362244,-0.030676461,,,,,,
16/01/2024,62.93,13.19,38.31,0.009901071,-0.001515152,0.002875443,,,,,,
17/01/2024,62.02,12.93,38.46,-0.014566084,-0.019908774,0.003907781,,,,,,
18/01/2024,63.72,13.82,39.32,0.027041571,0.066566626,0.022114555,,,,,,
19/01/2024,64.18,13.66,38.89,0.007193151,-0.011644964,-0.010996147,,,,,,
22/01/2024,64.19,13.62,40,0.0001558,-0.002932553,0.028142306,,,,,,
23/01/2024,64.48,14,39.69,0.004507663,0.027518029,-0.007780187,,,,,,
24/01/2024,63.28,13.93,39.16,-0.018785775,-0.005012542,-0.013443449,,,,,,
25/01/2024,63.97,15.36,39.87,0.0108449,0.09772194,0.017968344,,,,,,
26/01/2024,64.46,15.13,39.41,0.007630653,-0.0150872,-0.01160457,,,,,,
29/01/2024,64.6,14.94,40.68,0.002169534,-0.012637348,0.03171698,,,,,,
30/01/2024,64.53,14.53,40.69,-0.001084179,-0.027826702,0.000245791,,,,,,
31/01/2024,63.49,14.23,42.79,-0.016247819,-0.020863065,0.050322068,,,,,,
01/02/2024,64.49,14.34,46.03,0.01562776,0.007700423,0.072988927,,,,,,
02/02/2024,64.12,14.56,45.27,-0.005753845,0.015225208,-0.016648796,,,,,,
05/02/2024,63.46,14.26,44.16,-0.010346542,-0.020819628,-0.024825159,,,,,,
06/02/2024,63.96,14.9,44.55,0.007848102,0.043902798,0.008792752,,,,,,
07/02/2024,64,14.91,44.17,0.000625195,0.000670916,-0.008566328,,,,,,
08/02/2024,65.5,14.95,45.04,0.023167059,0.002679171,0.019505158,,,,,,
09/02/2024,66.75,14.88,44.3,0.018904155,-0.00469327,-0.016566307,,,,,,
12/02/2024,66.57,14.93,45.81,-0.002700272,0.003354582,0.033517731,,,,,,
13/02/2024,64.87,14.61,44.32,-0.025868758,-0.021666386,-0.033066365,,,,,,
14/02/2024,64.77,14.86,43.98,-0.001542734,0.016966814,-0.007701057,,,,,,
15/02/2024,64.68,14.9,44.65,-0.001390498,0.002688174,0.015119322,,,,,,
16/02/2024,63.37,14.64,44.88,-0.020461471,-0.017603704,0.005137954,,,,,,
20/02/2024,62.26,14.7,45.23,-0.017671398,0.004089985,0.007768322,,,,,,
21/02/2024,62.66,14.79,44.82,0.006404121,0.006103783,-0.009106115,,,,,,
22/02/2024,63.79,15.24,45.61,0.017873153,0.029972274,0.017472522,,,,,,
23/02/2024,64.34,15.13,46.3,0.008585084,-0.007244022,0.01501497,,,,,,
26/02/2024,63.25,15.28,46.2,-0.017086394,0.009865256,-0.002162163,,,,,,
27/02/2024,63.46,15.54,46.71,0.003314659,0.016872561,0.010978476,,,,,,
28/02/2024,63.96,15.46,46.77,0.007848102,-0.005161302,0.001283697,,,,,,
29/02/2024,66.13,15.68,46.34,0.033364614,0.014129972,-0.009236453,,,,,,
01/03/2024,64.88,15.66,46.24,-0.019083092,-0.001276324,-0.002160295,,,,,,
04/03/2024,63.62,14.81,46.78,-0.019611523,-0.055807062,0.011610537,,,,,,
05/03/2024,63.49,14.67,47.68,-0.002045473,-0.009498036,0.019056262,,,,,,
06/03/2024,63.04,14.88,48.77,-0.007112968,0.014213437,0.022603347,,,,,,
07/03/2024,63.91,14.9,48.66,0.013706398,0.001343184,-0.002258032,,,,,,
08/03/2024,63.16,14.68,49.05,-0.011804654,-0.01487519,0.007982849,,,,,,
11/03/2024,63.38,14.65,48.04,0.003477165,-0.002045688,-0.020806189,,,,,,
12/03/2024,63.31,13.96,48.78,-0.00110506,-0.048244238,0.015286396,,,,,,
13/03/2024,62.92,14,48.71,-0.006179216,0.002861232,-0.001436045,,,,,,
14/03/2024,61.83,13.99,47.52,-0.017475395,-0.000714541,-0.024733673,,,,,,
15/03/2024,61.7,13.96,47.93,-0.002104753,-0.002146691,0.008590938,,,,,,
18/03/2024,62.13,14.11,47.08,0.006945033,0.010687669,-0.017893331,,,,,,
19/03/2024,62.69,13.93,46.74,0.008972981,-0.012838978,-0.007247953,,,,,,
20/03/2024,63.72,14.57,47.1,0.01629654,0.044919832,0.007672672,,,,,,
21/03/2024,63.7,14.78,45.6,-0.000313922,0.014310295,-0.032365285,,,,,,
22/03/2024,63.17,14.82,46.08,-0.008355058,0.002702704,0.0104713,,,,,,
25/03/2024,63.29,14.92,46.08,0.001897834,0.006724975,0,,,,,,
26/03/2024,65.65,14.92,47.46,0.036610262,0,0.029508235,,,,,,
27/03/2024,66.42,15.3,49.03,0.011660615,0.025150234,0.032545105,,,,,,
28/03/2024,67.32,15.35,49.68,0.013459153,0.003262646,0.013170082,,,,,,
01/04/2024,67.67,15.41,50.96,0.005185581,0.003901175,0.025438574,,,,,,
02/04/2024,66.66,14.4,49.67,-0.015037877,-0.067788443,-0.025639882,,,,,,
03/04/2024,66.86,14.16,50.16,0.002995808,-0.016807118,0.009816767,,,,,,
04/04/2024,65.66,13.83,47.11,-0.018110969,-0.023580943,-0.062732604,,,,,,
05/04/2024,66.13,13.76,46.14,0.00713259,-0.005074313,-0.02080504,,,,,,
08/04/2024,65.99,13.9,48.2,-0.002119286,0.010123008,0.043678768,,,,,,
09/04/2024,66.65,13.95,47.91,0.009951831,0.003590668,-0.00603477,,,,,,
10/04/2024,65.08,13.41,47.18,-0.023837764,-0.039478811,-0.015354177,,,,,,
11/04/2024,65.44,13.62,46.65,0.00551641,0.015538603,-0.011297147,,,,,,
12/04/2024,64.4,13.15,45.24,-0.016020059,-0.035117542,-0.030691276,,,,,,
15/04/2024,64.56,12.94,45.02,0.002481391,-0.01609847,-0.004874816,,,,,,
16/04/2024,64.66,13.03,45.28,0.001547748,0.006931102,0.005758598,,,,,,
17/04/2024,63.69,13.89,44.07,-0.015115208,0.063914766,-0.027086155,,,,,,
18/04/2024,62.93,14.02,45.3,-0.012004567,0.009315725,0.027527754,,,,,,
19/04/2024,62.66,14.11,45.23,-0.004299712,0.006398884,-0.001546449,,,,,,
22/04/2024,63.24,14.53,46.21,0.009213727,0.029331712,0.021435641,,,,,,
23/04/2024,63.6,14.23,48,0.005676458,-0.020863065,0.038004786,,,,,,
24/04/2024,63.59,13.92,47.59,-0.000157245,-0.022025757,-0.008578356,,,,,,
25/04/2024,62.89,14.13,48.27,-0.011069057,0.014973542,0.014187595,,,,,,
26/04/2024,53.18,13.88,48.83,-0.167704783,-0.017851242,0.011534628,,,,,,
29/04/2024,53.95,13.98,49.66,0.014375306,0.007178782,0.016854902,,,,,,
30/04/2024,53.51,13.51,53.6,-0.008189139,-0.034197585,0.076349288,,,,,,
01/05/2024,53.35,13.58,54.95,-0.002994575,0.00516797,0.024874613,,,,,,
02/05/2024,54.16,13.86,54.34,0.015068651,0.020408872,-0.011163077,,,,,,
03/05/2024,54.12,13.85,54.98,-0.000738825,-0.000721761,0.011708879,,,,,,
06/05/2024,54.92,14.65,57.53,0.014673778,0.056155103,0.045337068,,,,,,
07/05/2024,54.43,14.25,56.96,-0.008962108,-0.027683429,-0.009957284,,,,,,
08/05/2024,53.25,14.42,57.88,-0.021917668,0.011859225,0.016022635,,,,,,
09/05/2024,54.12,14.48,58.52,0.016205999,0.004152255,0.010996674,,,,,,
10/05/2024,53.9,14.4,58.82,-0.004073325,-0.00554018,0.005113357,,,,,,
13/05/2024,54.58,14.93,60.94,0.012537037,0.036144405,0.03540784,,,,,,
14/05/2024,54.98,15.19,62.39,0.007301967,0.017264705,0.023515233,,,,,,
15/05/2024,55.4,14.94,62.1,0.007610111,-0.016595137,-0.004659017,,,,,,
16/05/2024,55.07,14.79,62.75,-0.00597449,-0.010090903,0.010412589,,,,,,
17/05/2024,55.01,14.73,62.56,-0.001090116,-0.004065046,-0.003032482,,,,,,
20/05/2024,55.13,14.52,64.51,0.002179046,-0.014359221,0.030694154,,,,,,
21/05/2024,55.07,14.03,63.84,-0.001088929,-0.034329115,-0.010440297,,,,,,
22/05/2024,53.38,14.1,64.53,-0.031168959,0.004976903,0.010750279,,,,,,
23/05/2024,51.51,13.82,64.34,-0.03566018,-0.020057979,-0.00294871,,,,,,
24/05/2024,51.76,13.84,66.32,0.004841687,0.001446132,0.030309989,,,,,,
28/05/2024,50.36,13.44,67.88,-0.027420441,-0.029327615,0.02324993,,,,,,
29/05/2024,50.58,11.62,68.55,0.004359032,-0.145507584,0.009821966,,,,,,
30/05/2024,51.27,11.44,69.83,0.013549545,-0.015611765,0.018500311,,,,,,
31/05/2024,53.32,11.5,70.63,0.03920571,0.005231049,0.011391267,,,,,,
03/06/2024,53.94,11.53,71.61,0.011560822,0.002605299,0.013779746,,,,,,
04/06/2024,53.95,11.5,71.66,0.000185374,-0.002605299,0.000697983,,,,,,
05/06/2024,53.33,11.62,72.89,-0.011558667,0.010380716,0.017018744,,,,,,
06/06/2024,53.35,11.43,72.41,0.000374953,-0.016486274,-0.006607044,,,,,,
07/06/2024,53.01,11.5,68.96,-0.006393403,0.006105558,-0.048817785,,,,,,
10/06/2024,52.4,11.49,67.38,-0.011573984,-0.000869944,-0.023178388,,,,,,
11/06/2024,52.81,11.28,66.86,0.007793975,-0.018445846,-0.007747357,,,,,,
12/06/2024,54.44,11.5,68.19,0.030398611,0.019315789,0.019697046,,,,,,
13/06/2024,54.52,11.44,67.95,0.001468429,-0.005231049,-0.003525786,,,,,,
14/06/2024,53.67,11.28,67.47,-0.015713421,-0.01408474,-0.007089086,,,,,,
17/06/2024,54.46,11.44,68.52,0.014612301,0.01408474,0.015442619,,,,,,
18/06/2024,53.75,11.28,68.06,-0.01312282,-0.01408474,-0.006736004,,,,,,
20/06/2024,52.68,11.24,71.45,-0.02010779,-0.003552402,0.048608235,,,,,,
21/06/2024,53.83,11.2,71.25,0.021595056,-0.003565066,-0.002803085,,,,,,
24/06/2024,54.59,11.16,73.62,0.014019783,-0.003577821,0.032721909,,,,,,
25/06/2024,53.94,11.13,74.18,-0.011978398,-0.002691792,0.007577844,,,,,,
26/06/2024,54.54,11.12,72.87,0.01106206,-0.000898876,-0.01781754,,,,,,
27/06/2024,55.32,11.28,74.44,0.014200129,0.014285957,0.0213164,,,,,,
28/06/2024,55.1,11.33,72.39,-0.003984791,0.004422829,-0.027925263,,,,,,
01/07/2024,53.77,11.04,72.55,-0.024434025,-0.025929034,0.002207811,,,,,,
02/07/2024,53.72,11.05,71.06,-0.000930319,0.000905387,-0.020751389,,,,,,
03/07/2024,53.96,11.12,70.6,0.00445766,0.006314861,-0.006494446,,,,,,
05/07/2024,54.05,11.04,70.77,0.001666513,-0.007220248,0.002405038,,,,,,
08/07/2024,54.52,10.93,70.12,0.008658063,-0.010013739,-0.009227122,,,,,,
09/07/2024,54.38,10.98,66.22,-0.002571168,0.004564134,-0.057225528,,,,,,
10/07/2024,55.1,11.15,65.54,0.013153277,0.015364062,-0.010321889,,,,,,
11/07/2024,56.83,10.73,65.21,0.030914639,-0.038395941,-0.005047812,,,,,,
12/07/2024,57.32,10.68,63.76,0.008585248,-0.004670723,-0.022486797,,,,,,
15/07/2024,57.72,10.63,63.69,0.006954131,-0.004692641,-0.00109847,,,,,,
16/07/2024,58.85,11.19,65.22,0.0193881,0.05134033,0.023738606,,,,,,
17/07/2024,58.86,11.01,66.5,0.000169909,-0.016216572,0.019435777,,,,,,
18/07/2024,58.54,10.62,64.59,-0.005451462,-0.036064935,-0.029142348,,,,,,
19/07/2024,59.12,10.58,66.69,0.009858995,-0.003773589,0.031995417,,,,,,
22/07/2024,59.61,10.69,66.35,0.008254069,0.010343299,-0.005111256,,,,,,
23/07/2024,59.85,10.48,66.5,0.004018087,-0.019840046,0.002258187,,,,,,
24/07/2024,57.77,10.17,62.69,-0.035371822,-0.030026469,-0.059000002,,,,,,
25/07/2024,58.53,10.6,62.91,0.013069834,0.041411791,0.003503188,,,,,,
26/07/2024,61.05,10.62,64.11,0.042153757,0.001885015,0.018895224,,,,,,
29/07/2024,61.49,10.43,65.63,0.007181359,-0.018052747,0.02343255,,,,,,
30/07/2024,60.99,10.76,67.74,-0.008164644,0.031149286,0.031643939,,,,,,
31/07/2024,60.87,10.64,66.81,-0.001969474,-0.011215071,-0.013824077,,,,,,
01/08/2024,57.78,10.14,63.69,-0.052097747,-0.048132486,-0.047825206,,,,,,
02/08/2024,55.29,9.63,59.33,-0.044050635,-0.051604772,-0.070912484,,,,,,
05/08/2024,54.16,9.28,59.09,-0.020649432,-0.037021679,-0.004053375,,,,,,
06/08/2024,54.97,9.31,62.63,0.014844953,0.003227544,0.058182691,,,,,,
07/08/2024,54.71,9.26,61.75,-0.004741074,-0.005385043,-0.014150421,,,,,,
08/08/2024,56.54,9.89,65.83,0.032901844,0.065820097,0.063981686,,,,,,
09/08/2024,55.93,9.86,66.64,-0.010847443,-0.003037977,0.012229336,,,,,,
12/08/2024,55.82,9.61,68.44,-0.001968681,-0.025681946,0.026652451,,,,,,
13/08/2024,56.31,9.81,70.4,0.008739911,0.020598051,0.028235814,,,,,,
14/08/2024,56.3,9.74,62.86,-0.000177604,-0.007161156,-0.113283232,,,,,,
15/08/2024,57.59,10.09,67.06,0.022654406,0.035303717,0.06467771,,,,,,
16/08/2024,58.15,10.05,65.57,0.009676937,-0.0039722,-0.022469467,,,,,,
19/08/2024,58.81,10.31,68.11,0.01128603,0.025541664,0.038005771,,,,,,
20/08/2024,58.51,10.29,66.65,-0.005114229,-0.001941748,-0.021668999,,,,,,
21/08/2024,59.13,10.4,69.39,0.01054073,0.010633256,0.040287718,,,,,,
22/08/2024,58.82,10.14,68.58,-0.005256477,-0.025317808,-0.011741818,,,,,,
23/08/2024,60.03,10.39,71.13,0.020362504,0.024355807,0.036508242,,,,,,
26/08/2024,59.92,10.21,71.19,-0.001834098,-0.017476173,0.00084317,,,,,,
27/08/2024,59.92,10.17,71.51,0,-0.003925422,0.004484941,,,,,,
28/08/2024,59.42,10.15,69.74,-0.008379469,-0.001968505,-0.025063259,,,,,,
29/08/2024,59.93,10.39,70.2,0.008546344,0.0233701,0.00657427,,,,,,
30/08/2024,60.02,10.62,71.52,0.001500626,0.021895211,0.01862882,,,,,,
03/09/2024,59.38,10.6,71.21,-0.010720371,-0.001885015,-0.004343873,,,,,,
04/09/2024,61.58,10.63,71.97,0.036379673,0.002826191,0.010616108,,,,,,
05/09/2024,59.89,10.8,71.76,-0.027827596,0.015865942,-0.002922148,,,,,,
06/09/2024,59.72,10.8,69.14,-0.002842574,0,-0.037193783,,,,,,
09/09/2024,60.33,11.22,71.6,0.01016252,0.038151766,0.034961639,,,,,,
10/09/2024,59.33,10.99,69.58,-0.016714412,-0.020712132,-0.028617904,,,,,,
11/09/2024,58.86,10.77,69.99,-0.007953337,-0.020221277,0.005875205,,,,,,
12/09/2024,60.02,10.88,69.29,0.019516097,0.01016175,-0.010051779,,,,,,
13/09/2024,61.26,10.69,70.39,0.020449261,-0.017617516,0.015750612,,,,,,
16/09/2024,61.45,10.81,72.26,0.003096735,0.011162907,0.026219518,,,,,,
17/09/2024,62.57,11.17,75.19,0.018062094,0.032759981,0.039747518,,,,,,
18/09/2024,62.98,11.03,74.08,0.006531286,-0.01261278,-0.014872653,,,,,,
19/09/2024,64.14,11.11,77.7,0.018250979,0.00722677,0.047709667,,,,,,
20/09/2024,64.03,11.01,76.65,-0.001716471,-0.009041653,-0.013605652,,,,,,
23/09/2024,64.23,10.98,77.85,0.003118668,-0.002728515,0.015534293,,,,,,
24/09/2024,64.06,11.04,77.16,-0.002650247,0.005449605,-0.00890271,,,,,,
25/09/2024,63.96,11,76.06,-0.001562256,-0.003629768,-0.014358686,,,,,,
26/09/2024,64.89,11.79,76.8,0.014435641,0.069356442,0.009682138,,,,,,
27/09/2024,65.35,11.56,75.59,0.007063911,-0.019700851,-0.015880641,,,,,,
30/09/2024,64.65,11.24,76.53,-0.010769335,-0.028072019,0.012358822,,,,,,
01/10/2024,63.9,10.9,78.76,-0.011668744,-0.030716055,0.028722433,,,,,,
02/10/2024,64.05,10.74,79.78,0.002344667,-0.0147877,0.012867593,,,,,,
03/10/2024,64.06,10.82,79.81,0.000156116,0.007421184,0.000375963,,,,,,
04/10/2024,64.8,11.51,83.83,0.011485459,0.061819949,0.049142129,,,,,,
07/10/2024,64.55,11.53,82.45,-0.003865486,0.001736112,-0.01659889,,,,,,
08/10/2024,63.21,11.92,84.5,-0.020977601,0.033265327,0.024559485,,,,,,
09/10/2024,63.2,11.93,82.96,-0.000158215,0.000838574,-0.01839297,,,,,,
10/10/2024,62.5,11.76,82.51,-0.011137744,-0.014352294,-0.005439066,,,,,,
11/10/2024,63.33,11.79,83.48,0.013192594,0.002547772,0.011687584,,,,,,
14/10/2024,64.13,11.87,87.7,0.012553123,0.006762494,0.049314817,,,,,,
15/10/2024,64.16,12.03,89.53,0.00046769,0.013389321,0.020651865,,,,,,
16/10/2024,65.36,12.89,90.76,0.018530487,0.069048287,0.013644895,,,,,,
17/10/2024,66.08,12.81,89.3,0.010955679,-0.006225701,-0.016217172,,,,,,
18/10/2024,64.97,13.09,92.46,-0.016940504,0.021622464,0.034774631,,,,,,
21/10/2024,63.76,12.97,93.71,-0.01879959,-0.009209582,0.013428789,,,,,,
22/10/2024,64.4,12.96,92.93,0.009987599,-0.000771307,-0.008358386,,,,,,
23/10/2024,64,12.83,94.32,-0.00623055,-0.010081512,0.014846735,,,,,,
24/10/2024,64.31,12.78,93.8,0.004832057,-0.00390473,-0.0055284,,,,,,
25/10/2024,69.36,13.15,94.89,0.075595192,0.02854031,0.01155347,,,,,,
28/10/2024,71.65,13.6,97.73,0.032482822,0.033648034,0.029490248,,,,,,
29/10/2024,71.63,13.82,97.01,-0.000279174,0.016047026,-0.007394508,,,,,,
30/10/2024,70.39,13.94,104.25,-0.017462773,0.008645587,0.071977795,,,,,,
31/10/2024,69.29,13.4,102.71,-0.015750612,-0.039507698,-0.014882378,,,,,,
01/11/2024,68.66,13.54,104.92,-0.009133808,0.010393561,0.021288672,,,,,,
04/11/2024,68.31,12.99,107.94,-0.005110619,-0.041468437,0.028377362,,,,,,
05/11/2024,68.92,13.19,109.82,0.008890243,0.015279136,0.017267145,,,,,,
06/11/2024,71.61,14,115.85,0.038288317,0.059598363,0.053453589,,,,,,
07/11/2024,72.38,13.62,110.7,0.010695289,-0.027518029,-0.045472411,,,,,,
08/11/2024,73.67,13.81,114.88,0.017665643,0.013853667,0.037064266,,,,,,
11/11/2024,74.14,14.16,117.61,0.006359537,0.025028121,0.023485961,,,,,,
12/11/2024,73.87,13.91,119,-0.003648406,-0.017813082,0.011749427,,,,,,
13/11/2024,73.55,14.01,118.65,-0.004341344,0.007163354,-0.00294551,,,,,,
14/11/2024,73.01,14.26,116.49,-0.007369029,0.017687055,-0.01837255,,,,,,
15/11/2024,72.43,14.39,117.45,-0.00797584,0.009075106,0.008207279,,,,,,
18/11/2024,71.95,14.29,122.9,-0.006649145,-0.006973529,0.045358305,,,,,,
19/11/2024,71.49,14.33,122.13,-0.006413854,0.00279525,-0.006284965,,,,,,
20/11/2024,71.76,14.46,124.74,0.003769638,0.009030975,0.02114552,,,,,,
21/11/2024,71.52,14.2,123.71,-0.003350087,-0.018144252,-0.008291454,,,,,,
22/11/2024,72.33,14.38,125.62,0.01126185,0.012596388,0.01532136,,,,,,
25/11/2024,72.99,14.92,130.98,0.009083465,0.036864242,0.041783163,,,,,,
26/11/2024,73.05,14.64,130.59,0.000821693,-0.018945086,-0.002981996,,,,,,
27/11/2024,73.1,14.64,130.69,0.000684229,0,0.000765462,,,,,,
29/11/2024,73.85,14.52,132.27,0.010207642,-0.008230499,0.012017181,,,,,,
02/12/2024,75.05,14.61,130.21,0.016118549,0.006179216,-0.015696756,,,,,,
03/12/2024,74.01,14.47,129.08,-0.013954339,-0.009628685,-0.008716165,,,,,,
04/12/2024,74.72,14.88,128.87,0.009547575,0.027940489,-0.001628223,,,,,,
05/12/2024,74.83,17.38,130.77,0.00147108,0.15530209,0.014635911,,,,,,
06/12/2024,75.55,17.4,129.85,0.009575815,0.001150086,-0.007060117,,,,,,
09/12/2024,74.68,17.16,122.76,-0.01158237,-0.013889112,-0.056148708,,,,,,
10/12/2024,74.91,17.49,126.96,0.003075074,0.019048195,0.033640846,,,,,,
11/12/2024,75.64,17.58,129.74,0.009697851,0.005132603,0.021660372,,,,,,
12/12/2024,74.44,17.24,127.45,-0.015991812,-0.019529627,-0.017808317,,,,,,
13/12/2024,74.95,16.92,127.85,0.006827793,-0.018735911,0.003133571,,,,,,
16/12/2024,73.76,16.52,132.36,-0.016004645,-0.023924586,0.034667781,,,,,,
17/12/2024,73.88,16.72,133.77,0.001625576,0.01203384,0.010596424,,,,,,
18/12/2024,70.81,16.47,127.35,-0.042441922,-0.015065063,-0.049182706,,,,,,
19/12/2024,71.16,16.64,131.33,0.004930629,0.010268891,0.030774038,,,,,,
20/12/2024,71.2,16.88,134.26,0.000561956,0.014320054,0.022064979,,,,,,
23/12/2024,71.09,17.25,133.09,-0.001546138,0.021682654,-0.008752627,,,,,,
24/12/2024,71.68,17.35,137.19,0.008265089,0.005780363,0.030341235,,,,,,
26/12/2024,72.15,17.35,137.11,0.006535517,0,-0.000583303,,,,,,
27/12/2024,72.41,17.35,132.47,0.003597126,0,-0.034427319,,,,,,
30/12/2024,72.09,17.62,132.1,-0.004429073,0.015442114,-0.002796993,,,,,,
31/12/2024,72.54,17.43,132.29,0.006222795,-0.010841761,0.001437271,,,,,,
02/01/2025,71.83,17,137.67,-0.009835918,-0.024979515,0.039863035,,,,,,
03/01/2025,72.92,16.97,141.14,0.015060734,-0.001766265,0.024892788,,,,,,
06/01/2025,73.48,17.52,140.82,0.007650311,0.031896006,-0.002269826,,,,,,
07/01/2025,72.36,17.69,136.79,-0.0153596,0.009656423,-0.029035576,,,,,,
08/01/2025,71.87,17.6,139.52,-0.006794729,-0.005100606,0.019761057,,,,,,
10/01/2025,71.08,18.38,138.48,-0.011052928,0.043364215,-0.007482049,,,,,,
13/01/2025,71.83,17.6,139.81,0.010496213,-0.043364215,0.009558447,,,,,,
14/01/2025,72.69,18.21,143.19,0.011901607,0.034071992,0.023888062,,,,,,
15/01/2025,73.57,18.07,143.64,0.01203351,-0.007717789,0.00313775,,,,,,
16/01/2025,74.07,18.29,143.54,0.006773258,0.012101358,-0.000696427,,,,,,
17/01/2025,74.89,18.27,144.12,0.011009778,-0.001094092,0.004032544,,,,,,
21/01/2025,76.16,18.64,153.63,0.01681602,0.020049439,0.063900828,,,,,,
22/01/2025,75.64,18.66,152.61,-0.006851147,0.001072386,-0.006661467,,,,,,
23/01/2025,75.45,17.03,154.52,-0.002515059,-0.091405701,0.01243789,,,,,,
24/01/2025,75.43,16.96,149.5,-0.000265111,-0.004118864,-0.033027145,,,,,,
27/01/2025,76.07,17.2,151.82,0.008448895,0.014051753,0.015399216,,,,,,
28/01/2025,77.13,17.15,154.61,0.013838341,-0.00291121,0.018210209,,,,,,
29/01/2025,76.7,17.33,179.79,-0.005590602,0.01044093,0.150883686,,,,,,
30/01/2025,77.81,16.9,182.5,0.014368249,-0.025125482,0.01496067,,,,,,
31/01/2025,76.65,16.92,181.97,-0.015020352,0.001182732,-0.002908335,,,,,,
03/02/2025,76.82,16.7,189.14,0.002215418,-0.013087635,0.038645643,,,,,,
04/02/2025,76.67,16.84,188.01,-0.001954525,0.008348289,-0.005992329,,,,,,
05/02/2025,76.49,16.96,187.95,-0.002350484,0.007100622,-0.000319183,,,,,,
06/02/2025,78.57,17.06,182.28,0.026829934,0.005878912,-0.030632004,,,,,,
07/02/2025,77.22,17.17,172.06,-0.017331456,0.006427133,-0.057700713,,,,,,
10/02/2025,77.68,16.62,167.87,0.005939333,-0.032556885,-0.024653383,,,,,,
11/02/2025,77.71,16.41,164.23,0.000386125,-0.012715884,-0.021921986,,,,,,
12/02/2025,76.98,16.26,163.76,-0.009438301,-0.009182801,-0.002865943,,,,,,
13/02/2025,78.07,15.74,160.21,0.014060212,-0.032502861,-0.021916487,,,,,,
14/02/2025,78.53,15.97,158.4,0.005874857,0.014506719,-0.011361975,,,,,,
18/02/2025,79.39,16.08,167.03,0.010891698,0.006864302,0.053049958,,,,,,
19/02/2025,79.52,16,161.35,0.001636147,-0.004987542,-0.034597519,,,,,,
20/02/2025,79.42,15.86,153.53,-0.001258337,-0.008788506,-0.049679931,,,,,,
21/02/2025,76.86,15.23,144.87,-0.032764641,-0.040533049,-0.058059199,,,,,,
24/02/2025,76.49,15.31,153.07,-0.004825572,0.005239043,0.055058545,,,,,,
25/02/2025,75.41,15.13,155.83,-0.014220121,-0.011826682,0.017870336,,,,,,
26/02/2025,75.94,15.18,160.09,0.007003663,0.003299244,0.026970488,,,,,,
27/02/2025,75.84,14.53,155.51,-0.001317697,-0.043763294,-0.029026119,,,,,,
28/02/2025,76.26,14.35,164.83,0.005522696,-0.012465535,0.058204602,,,,,,
03/03/2025,74.33,13.87,158.01,-0.025633916,-0.034021708,-0.042256318,,,,,,
04/03/2025,72.3,13.35,152.52,-0.02769051,-0.038211849,-0.035362587,,,,,,
05/03/2025,73.3,14.09,150.17,0.01373648,0.053948941,-0.015527749,,,,,,
06/03/2025,71.81,13.25,139.47,-0.020536867,-0.061467773,-0.073918461,,,,,,
07/03/2025,69.02,13.03,141.37,-0.039627424,-0.016743161,0.013531043,,,,,,
10/03/2025,66.34,12.5,140.27,-0.039603284,-0.041525747,-0.00781143,,,,,,
11/03/2025,66.81,11.46,143.3,0.007059736,-0.086865933,0.021371198,,,,,,
12/03/2025,67.21,10.93,145.61,0.005969276,-0.047351409,0.01599148,,,,,,
13/03/2025,65.99,10.67,134.32,-0.018318831,-0.024075237,-0.080706802,,,,,,
14/03/2025,68.49,10.87,139.41,0.037184534,0.018570636,0.037194219,,,,,,
17/03/2025,69.4,11.32,141.65,0.013199118,0.040564372,0.015939995,,,,,,
18/03/2025,67.82,11.07,133.46,-0.023029731,-0.022332326,-0.059557419,,,,,,
19/03/2025,69.21,11.48,141.41,0.020288224,0.036367644,0.057861665,,,,,,
20/03/2025,67.74,11.26,145.42,-0.021468513,-0.019349768,0.027962635,,,,,,
21/03/2025,67.96,11.39,144.81,0.003242449,0.011479155,-0.004203569,,,,,,
24/03/2025,69.18,11.83,154.15,0.017792507,0.037902901,0.062503616,,,,,,
25/03/2025,68.3,11.51,157.95,-0.012802037,-0.027422455,0.024352373,,,,,,
26/03/2025,68.36,11.44,154.13,0.000878092,-0.006100237,-0.024482125,,,,,,
27/03/2025,67.75,11.14,154.39,-0.008963398,-0.026573751,0.001685466,,,,,,
28/03/2025,66.25,10.7,147.59,-0.022388995,-0.040298493,-0.045043709,,,,,,
31/03/2025,65.83,10.55,149.05,-0.006359803,-0.014117882,0.009843661,,,,,,
01/04/2025,65.71,10.3,150.91,-0.001824541,-0.023981965,0.012401813,,,,,,
02/04/2025,67.58,10.59,155.25,0.02806096,0.027766264,0.028353088,,,,,,
03/04/2025,63.36,9.51,138.7,-0.064479334,-0.107566283,-0.112723393,,,,,,
04/04/2025,61.77,9.46,135.07,-0.025414938,-0.005271493,-0.026520165,,,,,,
07/04/2025,61.24,9.71,136.64,-0.008617239,0.026083899,0.011556567,,,,,,
08/04/2025,60.8,9.07,132.91,-0.007210782,-0.068184018,-0.027677523,,,,,,
09/04/2025,67.55,11.12,146.29,0.105278275,0.203773025,0.095918746,,,,,,
10/04/2025,64.3,9.51,142.77,-0.049308433,-0.156401412,-0.024356009,,,,,,
11/04/2025,64.58,9.67,143.77,0.004345134,0.016684433,0.006979857,,,,,,
14/04/2025,64.66,9.58,147.64,0.001238007,-0.009350717,0.026562078,,,,,,
15/04/2025,65.23,9.85,151.02,0.008776714,0.027793863,0.0226354,,,,,,
16/04/2025,64.82,9.42,150.33,-0.006305288,-0.044636367,-0.004579401,,,,,,
17/04/2025,64.68,9.46,153.45,-0.002162163,0.004237294,0.020541903,,,,,,
21/04/2025,63.74,9.07,149.66,-0.014639726,-0.042100119,-0.025008726,,,,,,
22/04/2025,65.79,9.31,156.89,0.031655542,0.026116827,0.047178868,,,,,,
23/04/2025,66.45,9.32,158.53,0.009981934,0.001073537,0.010398927,,,,,,
24/04/2025,66.04,9.61,157.29,-0.006189166,0.030641594,-0.007852615,,,,,,
25/04/2025,68.87,9.75,159.65,0.041960051,0.014463062,0.014892684,,,,,,
28/04/2025,69.28,9.85,160.67,0.005935595,0.01020417,0.006368653,,,,,,
29/04/2025,69.23,9.9,136.89,-0.00072197,0.005063302,-0.160174888,,,,,,
30/04/2025,69.14,9.95,134.3,-0.00130086,0.005037794,-0.01910158,,,,,,
01/05/2025,69.17,10.03,130.05,0.000433808,0.008008051,-0.032157112,,,,,,
02/05/2025,70.88,10.52,133.08,0.024421064,0.047697605,0.023031459,,,,,,
05/05/2025,70.08,10.66,128.68,-0.01135086,0.013220211,-0.033621749,,,,,,
06/05/2025,69.08,10.43,133.97,-0.014372193,-0.02181215,0.040287192,,,,,,
07/05/2025,70.91,10.56,138.88,0.026146214,0.012387009,0.035994357,,,,,,
08/05/2025,71.57,11.03,136.64,0.009264524,0.043545555,-0.016260521,,,,,,
09/05/2025,71.87,11.11,136.98,0.00418294,0.00722677,0.0024852,,,,,,
12/05/2025,74.78,11.67,145.6,0.039691538,0.049175843,0.061028206,,,,,,
13/05/2025,75.36,12.3,151.81,0.007726161,0.052577816,0.041766603,,,,,,
14/05/2025,76.08,11.84,150.97,0.009508788,-0.038115633,-0.005548597,,,,,,
15/05/2025,75.42,11.76,148.64,-0.008712926,-0.006779687,-0.015553867,,,,,,
16/05/2025,75.91,11.86,151.61,0.006475936,0.008467451,0.019784159,,,,,,
19/05/2025,74.67,11.86,149.05,-0.016470023,0,-0.017029614,,,,,,
20/05/2025,74.05,11.65,150.08,-0.008337864,-0.017865214,0.006886665,,,,,,
21/05/2025,73.01,11.24,143.87,-0.014144123,-0.035827336,-0.042258371,,,,,,
22/05/2025,73.33,11.4,149,0.004373384,0.014134511,0.035036192,,,,,,
23/05/2025,73.04,11.19,154.53,-0.003962566,-0.018592833,0.036441946,,,,,,
27/05/2025,75.34,11.64,165.12,0.031003966,0.03942692,0.06628423,,,,,,
28/05/2025,74.8,11.43,164.98,-0.007193317,-0.018205964,-0.000848228,,,,,,
29/05/2025,75.12,11.4,168.47,0.00426895,-0.002628122,0.020933438,,,,,,
30/05/2025,74.97,11.41,172.63,-0.001998801,0.000876808,0.024392883,,,,,,
02/06/2025,74.35,11.38,175.92,-0.008304361,-0.002632735,0.01887877,,,,,,
03/06/2025,74.65,11.47,173.36,0.004026851,0.007877502,-0.014658989,,,,,,
04/06/2025,73.7,11.42,173.5,-0.012807725,-0.004368727,0.000807242,,,,,,
05/06/2025,73.27,11.27,169.33,-0.005851551,-0.013221876,-0.024328126,,,,,,
06/06/2025,74.08,11.78,171.65,0.010994342,0.04425885,0.013608046,,,,,,
09/06/2025,73.93,11.76,173.45,-0.002026891,-0.001699236,0.010431854,,,,,,
10/06/2025,75.02,11.84,168.39,0.014636045,0.006779687,-0.029606656,,,,,,
11/06/2025,75.22,11.06,175.81,0.002662408,-0.068148633,0.043121149,,,,,,
12/06/2025,75.3,10.9,176.29,0.001062982,-0.014572207,0.0027265,,,,,,
13/06/2025,73.27,10.37,174.57,-0.027328887,-0.049845767,-0.009804559,,,,,,
16/06/2025,74.75,10.9,181.26,0.019997964,0.049845767,0.037606657,,,,,,
17/06/2025,75.25,10.56,178.83,0.006666691,-0.031689511,-0.013496831,,,,,,
18/06/2025,76.06,10.58,178.31,0.010706599,0.001892148,-0.002912025,,,,,,
20/06/2025,76.41,10.62,178.65,0.004591075,0.003773589,0.001904976,,,,,,
23/06/2025,77,10.9,178.64,0.007691844,0.026023773,-5.59769E-05,,,,,,
24/06/2025,78,11.37,180,0.012903405,0.042215519,0.007584243,,,,,,
25/06/2025,78.11,11.06,176.67,0.001409263,-0.027643312,-0.018673265,,,,,,
26/06/2025,77.77,11.13,181.78,-0.004362337,0.006309169,0.028513579,,,,,,
27/06/2025,79.02,11.28,180.05,0.015945232,0.013387081,-0.009562575,,,,,,
30/06/2025,78.23,11.22,180.33,-0.010047779,-0.005333346,0.001553916,,,,,,
01/07/2025,80.43,11.52,184.02,0.027734035,0.026386755,0.020255942,,,,,,
02/07/2025,81.39,11.63,181.73,0.011865174,0.009503311,-0.012522378,,,,,,
03/07/2025,81.57,11.69,182.77,0.002209132,0.005145809,0.005706463,,,,,,
07/07/2025,80.83,11.59,173.42,-0.009113364,-0.008591118,-0.052512134,,,,,,
08/07/2025,81.33,11.58,171.28,0.006166768,-0.000863185,-0.012416754,,,,,,
09/07/2025,84.11,11.48,169.19,0.033610514,-0.008673081,-0.012277301,,,,,,
10/07/2025,85.37,12.94,166.71,0.014869285,0.119716898,-0.014766568,,,,,,
11/07/2025,79.66,12.22,165.09,-0.069227173,-0.057249335,-0.009764996,,,,,,
14/07/2025,82.35,12.38,165.38,0.033210879,0.013008314,0.001755077,,,,,,
15/07/2025,81.58,12.17,164.51,-0.009394323,-0.01710836,-0.005274498,,,,,,
16/07/2025,81.69,12.27,166.18,0.001347461,0.008183352,0.01010018,,,,,,
17/07/2025,82.44,12.45,165.13,0.009139161,0.014563364,-0.006338496,,,,,,
18/07/2025,82.14,12.51,161.8,-0.003645647,0.004807702,-0.020372038,,,,,,
21/07/2025,82.56,12.32,162.69,0.005100193,-0.015304366,0.005485545,,,,,,
22/07/2025,82.26,12.5,161.3,-0.003640339,0.014504686,-0.008580564,,,,,,
23/07/2025,83.48,12.68,160.51,0.014722119,0.014297305,-0.004909739,,,,,,
24/07/2025,82.32,11.46,152.32,-0.013992991,-0.101163238,-0.052372675,,,,,,
25/07/2025,85.94,11.5,153.5,0.043035287,0.003484324,0.007716996,,,,,,
28/07/2025,86.36,11.58,157.14,0.004875227,0.006932437,0.023436561,,,,,,
29/07/2025,85.74,11.42,159.47,-0.007205144,-0.013913268,0.014718689,,,,,,
30/07/2025,86.73,11.51,165.89,0.011480384,0.007850019,0.039469101,,,,,,
31/07/2025,84.9,11.49,157.6,-0.021325751,-0.001739131,-0.051264741,,,,,,
01/08/2025,83.65,11.03,155.91,-0.014832666,-0.040858259,-0.01078126,,,,,,
04/08/2025,83.5,11.27,160.57,-0.001794796,0.021525495,0.029451067,,,,,,
05/08/2025,83.25,11.64,158.68,-0.002998503,0.032303114,-0.011840389,,,,,,
06/08/2025,83.3,11.74,159.09,0.00060042,0.008554372,0.002580484,,,,,,
07/08/2025,82.13,11.73,159.48,-0.014145191,-0.000852152,0.002448443,,,,,,
08/08/2025,81.97,11.62,151.97,-0.001950031,-0.009421911,-0.04823539,,,,,,
11/08/2025,81.44,11.58,152.09,-0.006486774,-0.003448279,0.000789318,,,,,,
12/08/2025,83.4,12.98,154.88,0.023781757,0.114130239,0.018178173,,,,,,
13/08/2025,84.33,13.11,157.38,0.011089364,0.009965586,0.01601264,,,,,,
14/08/2025,83.95,12.82,158.08,-0.00451629,-0.022368846,0.004437971,,,,,,
15/08/2025,82.72,13.17,158.16,-0.014759973,0.026935064,0.000505945,,,,,,
18/08/2025,83.09,13.17,155.87,0.004462947,0,-0.014584852,,,,,,
19/08/2025,83.89,13.22,153.83,0.009582059,0.003789319,-0.01317423,,,,,,
20/08/2025,83.57,12.8,152.6,-0.003821813,-0.032285663,-0.008027978,,,,,,
21/08/2025,83.3,12.57,152.18,-0.003236055,-0.018132148,-0.002756088,,,,,,
22/08/2025,85.66,13.55,150.4,0.027937423,0.075073525,-0.011765619,,,,,,
25/08/2025,86.25,13,151.85,0.006864084,-0.04143719,0.00959478,,,,,,
26/08/2025,86.81,13.15,161.83,0.006471766,0.011472401,0.06365321,,,,,,
27/08/2025,87.28,13.13,156.14,0.005399519,-0.00152207,-0.035793361,,,,,,
28/08/2025,86.86,13.25,155.53,-0.004823714,0.009097864,-0.003914402,,,,,,
29/08/2025,85.86,13.37,155.98,-0.011579564,0.009015839,0.002889155,,,,,,
02/09/2025,85.63,13.39,155.86,-0.002682374,0.001494769,-0.000769625,,,,,,
03/09/2025,85.34,13.44,159.06,-0.003392411,0.003727175,0.020323321,,,,,,
04/09/2025,86.47,12.86,159.88,0.013154255,-0.044113616,0.005142044,,,,,,
05/09/2025,86.46,13.08,158.22,-0.000115654,0.016962627,-0.010437064,,,,,,
08/09/2025,86.34,12.95,156.61,-0.001388889,-0.009988558,-0.010227831,,,,,,
09/09/2025,85.34,12.76,155.72,-0.011649712,-0.01478051,-0.005699116,,,,,,
10/09/2025,85.27,12.82,154.55,-0.000820585,0.004691174,-0.007541854,,,,,,
11/09/2025,85.99,12.95,158.95,0.008408318,0.010089337,0.028072019,,,,,,
12/09/2025,84.68,12.91,153.66,-0.015351564,-0.003093583,-0.033847318,,,,,,
15/09/2025,83.47,12.53,152.84,-0.01439216,-0.029876436,-0.005350747,,,,,,
16/09/2025,82.15,12.41,144.19,-0.015940441,-0.00962317,-0.058259748,,,,,,
17/09/2025,82.84,12.48,144.37,0.008364192,0.005624764,0.001247574,,,,,,
18/09/2025,83.3,12.58,138.87,0.005537513,0.007980888,-0.038841205,,,,,,
19/09/2025,83.3,12.45,136.35,0,-0.010387628,-0.018313134,,,,,,
22/09/2025,83.46,12.33,138.7,0.001918926,-0.009685306,0.017088218,,,,,,
23/09/2025,85.1,12.19,138.68,0.01945956,-0.011419374,-0.000144207,,,,,,
24/09/2025,84.41,11.94,136.96,-0.008141158,-0.020721836,-0.012480208,,,,,,
25/09/2025,84.49,11.39,133.03,0.000947306,-0.047158331,-0.029114246,,,,,,
26/09/2025,85.94,11.31,132.19,0.017016194,-0.007048487,-0.006334385,,,,,,
29/09/2025,87.38,11.38,132.97,0.016617045,0.006170139,0.005883257,,,,,,
30/09/2025,86.45,11.24,126.68,-0.010700211,-0.012378584,-0.048459317,,,,,,
01/10/2025,87.03,11.27,125.05,0.006686675,0.002665484,-0.012950564,,,,,,
02/10/2025,87.01,11.43,127.74,-0.000229832,0.01409715,0.021283291,,,,,,
03/10/2025,86.48,11.58,126.59,-0.006109881,0.013037994,-0.00904343,,,,,,
06/10/2025,85.49,11.83,126.52,-0.011513763,0.021359206,-0.000553119,,,,,,
07/10/2025,83.57,11.66,127.13,-0.022714806,-0.014474497,0.004809787,,,,,,
08/10/2025,83.6,11.81,121.88,0.000358916,0.012782449,-0.042173231,,,,,,
09/10/2025,83.38,11.62,124.44,-0.002635048,-0.016218879,0.020786718,,,,,,
10/10/2025,81.54,11.52,124.86,-0.022314775,-0.008643096,0.003369438,,,,,,
13/10/2025,82.11,11.74,128.5,0.006966114,0.018917159,0.028735795,,,,,,
14/10/2025,83.36,12.19,132.01,0.015108766,0.037614129,0.026948773,,,,,,
15/10/2025,83.24,12.5,130.82,-0.001440576,0.025112701,-0.009055345,,,,,,
16/10/2025,82.1,11.89,128.28,-0.013789985,-0.050030934,-0.019606958,,,,,,
17/10/2025,82.37,11.86,127.85,0.003283276,-0.002526317,-0.003357673,,,,,,
20/10/2025,82.71,12.17,129.78,0.004119221,0.025802513,0.014983007,,,,,,
21/10/2025,83.38,12.35,133.46,0.008067959,0.014682156,0.027961098,,,,,,
22/10/2025,82.99,12.09,132.05,-0.004688354,-0.021277398,-0.010621169,,,,,,
23/10/2025,84.98,12.77,126.37,0.023695816,0.054720005,-0.043966527,,,,,,
24/10/2025,78.77,13.78,127.31,-0.075883721,0.076119596,0.007410945,,,,,,
27/10/2025,79.6,13.41,126.19,0.010481879,-0.027217568,-0.008836349,,,,,,
28/10/2025,79,12.71,124.26,-0.00756624,-0.053611612,-0.015412563,,,,,,
29/10/2025,76.81,12.97,114.98,-0.028113012,0.020249913,-0.077617944,,,,,,
30/10/2025,77.4,12.78,108.09,0.007651941,-0.014757549,-0.061793987,,,,,,
31/10/2025,77.87,13.13,108.66,0.006053989,0.027018239,0.005259528,,,,,,
03/11/2025,79.45,13.34,105.05,0.020087123,0.015867352,-0.033787314,,,,,,
04/11/2025,79.38,12.65,104.57,-0.000881446,-0.053109825,-0.004579724,,,,,,
05/11/2025,80.24,13.42,103.52,0.010775696,0.059088916,-0.010091873,,,,,,
06/11/2025,80.04,13.15,102.29,-0.002495634,-0.020324373,-0.011952914,,,,,,
07/11/2025,81.27,13.65,102.64,0.015250435,0.037317763,0.003415804,,,,,,
10/11/2025,82.59,13.31,106.61,0.016111663,-0.025223889,0.037949596,,,,,,
11/11/2025,81.33,12.99,105.81,-0.015373656,-0.024335802,-0.007532283,,,,,,
12/11/2025,80.89,13.46,113.71,-0.005424745,0.035542494,0.072006315,,,,,,
13/11/2025,80.81,13.07,117.16,-0.000989487,-0.029402797,0.029889174,,,,,,
14/11/2025,79.78,12.76,113.19,-0.012827874,-0.02400425,-0.034472699,,,,,,
17/11/2025,77.51,12.34,121.09,-0.028865886,-0.033469259,0.067466248,,,,,,
18/11/2025,79.03,12.36,122.2,0.019420567,0.001619434,0.009124976,,,,,,
19/11/2025,78.63,12.33,127.94,-0.005074221,-0.002430135,0.045902357,,,,,,
20/11/2025,78,12.24,127.13,-0.008044479,-0.00732604,-0.006351219,,,,,,
21/11/2025,80.72,12.87,134.96,0.034277549,0.050189745,0.059768253,,,,,,
24/11/2025,81.14,13.1,140.29,0.005189682,0.017713209,0.03873327,,,,,,
25/11/2025,82.72,13.46,149.71,0.019285353,0.027110094,0.064988381,,,,,,
26/11/2025,83.38,13.93,151.77,0.007947062,0.034322464,0.013666128,,,,,,
28/11/2025,83.3,14.05,153.79,-0.000959923,0.008577608,0.013221818,,,,,,
01/12/2025,82.24,13.96,151.37,-0.012806747,-0.006426298,-0.015860865,,,,,,
02/12/2025,81.66,14.24,149.03,-0.007077516,0.019858809,-0.015579543,,,,,,
03/12/2025,82.55,14.56,142.07,0.010839884,0.022223137,-0.047827734,,,,,,
04/12/2025,81.37,14.34,142.24,-0.014397516,-0.015225208,0.001195878,,,,,,
05/12/2025,80.88,14.81,140.45,-0.00604008,0.032249793,-0.012664218,,,,,,
08/12/2025,79.67,14.86,142.31,-0.015073471,0.003370411,0.013156223,,,,,,
09/12/2025,80.2,15.03,140.12,0.006630411,0.011375164,-0.015508578,,,,,,
10/12/2025,81.97,15.14,136.35,0.021829812,0.007292044,-0.027274089,,,,,,
11/12/2025,84.39,14.96,142.53,0.029095585,-0.011960275,0.044327395,,,,,,
12/12/2025,85.1,14.96,144.45,0.008378124,0,0.013380923,,,,,,
15/12/2025,85.11,15.33,144.6,0.000117502,0.02443172,0.001037883,,,,,,
16/12/2025,85.01,15.99,145.81,-0.001175641,0.042151834,0.008333095,,,,,,
17/12/2025,85.24,15.51,145.51,0.002701911,-0.03047855,-0.002059592,,,,,,
18/12/2025,85.64,15.61,150.6,0.004681656,0.006426757,0.034382503,,,,,,
19/12/2025,86.37,15.78,149.44,0.00848793,0.010831581,-0.007732341,,,,,,
22/12/2025,86.7,16.26,151.05,0.00381349,0.029964789,0.010715933,,,,,,
23/12/2025,85.69,15.6,148.82,-0.011717751,-0.04143719,-0.014873386,,,,,,
24/12/2025,85.41,15.68,150.96,-0.003272943,0.005115101,0.014277379,,,,,,
26/12/2025,86.6,15.44,149.61,0.013836626,-0.01542447,-0.008982993,,,,,,
29/12/2025,86.13,15.14,143.3,-0.005442033,-0.019621297,-0.043091573,,,,,,
30/12/2025,85.86,15.33,142.78,-0.00313972,0.012471445,-0.003635351,,,,,,
31/12/2025,85.24,15.33,143.52,-0.007247256,0,0.005169414,,,,,,
02/01/2026,86.19,15.48,151.52,0.011083354,0.009737175,0.054243231,,,,,,
05/01/2026,88.4,15.83,149.48,0.025317808,0.022358006,-0.013555025,,,,,,
06/01/2026,87.81,15.67,155.95,-0.00669658,-0.010158818,0.042372838,,,,,,
07/01/2026,86.07,15.99,156.23,-0.020014471,0.02021547,0.001793837,,,,,,
08/01/2026,88.33,15.73,160,0.025918882,-0.01639381,0.023844535,,,,,,
09/01/2026,87.92,15.99,160.01,-0.004652491,0.01639381,6.2498E-05,,,,,,
12/01/2026,87.79,16,167.69,-0.001479711,0.000625195,0.046880723,,,,,,
13/01/2026,88.03,15.35,166.27,0.002730067,-0.041473248,-0.008504064,,,,,,
14/01/2026,87.47,15.14,165.53,-0.006381788,-0.013775226,-0.004460526,,,,,,
15/01/2026,89.56,15.71,166.71,0.023612914,0.036957204,0.007103329,,,,,,
16/01/2026,88.65,15.37,157.68,-0.010212759,-0.021879895,-0.055688113,,,,,,
20/01/2026,85.69,14.79,159.73,-0.0339599,-0.038466281,0.012917227,,,,,,
21/01/2026,85.16,15.15,160.9,-0.006204293,0.024049255,0.007298164,,,,,,
22/01/2026,85.09,15.02,162.44,-0.00082232,-0.008617886,0.009525649,,,,,,
23/01/2026,83.89,14.67,162.77,-0.014203103,-0.023578054,0.002029459,,,,,,
26/01/2026,83.48,14.57,157.4,-0.004899335,-0.006839972,-0.033547825,,,,,,
27/01/2026,82.23,13.55,157.29,-0.015086883,-0.072578073,-0.000699101,,,,,,
28/01/2026,83.5,13.44,156.64,0.015326433,-0.008151212,-0.004141056,,,,,,
29/01/2026,84.18,13.51,160.64,0.008110731,0.005194817,0.025215658,,,,,,
30/01/2026,84.54,13.3,157.72,0.004267432,-0.015666117,-0.018344527,,,,,,
02/02/2026,84.57,13.69,162.12,0.000354799,0.028901604,0.027515493,,,,,,
03/02/2026,83,14.01,163.45,-0.018738986,0.023105721,0.008170331,,,,,,
04/02/2026,84.78,14.43,162.06,0.021219058,0.029538012,-0.008540496,,,,,,
05/02/2026,83.64,14.16,160.64,-0.013537791,-0.018888285,-0.008800801,,,,,,
06/02/2026,83.24,15.24,168.93,-0.004793873,0.073502462,0.050318591,,,,,,
